Trade Date,USD+AF8-FUT,JPY+AF8-FUT,GBP+AF8-FUT,EUR+AF8-FUT
01/02/10,46.4375,51.4525,73.7125,64.5525
02/02/10,46.3075,51.0475,73.725,64.54
03/02/10,46.0325,50.8875,73.6275,64.4675
04/02/10,46.265,50.9925,73.29,64.065
05/02/10,46.78,52.2825,73.4175,64.0875
08/02/10,46.8525,52.4025,72.975,64.145
09/02/10,46.7175,52.1575,72.7725,64.0375
10/02/10,46.5375,51.9225,72.9325,64.22
11/02/10,46.5075,51.83,72.5,63.8825
15/02/10,46.3475,51.495,72.655,63.13
16/02/10,46.2225,51.3775,72.5125,63.0975
17/02/10,46.1225,50.9425,72.6925,63.3125
18/02/10,46.2575,50.91,72.1475,62.8025
19/02/10,46.325,50.44,71.2875,62.53
22/02/10,46.215,50.635,71.46,62.885
23/02/10,46.22,50.785,71.285,62.805
24/02/10,46.25,51.27,71.4724,62.63
25/02/10,46.4725,52.02,71.1,62.715
26/02/10,46.2125,51.755,70.475,62.89
02/03/10,46.1175,51.7625,68.93,62.4025
03/03/10,45.93,51.6975,69.0125,62.605
04/03/10,45.8975,51.9325,69.25,62.7775
05/03/10,45.715,51.1925,68.795,62.1575
08/03/10,45.58,50.42,69.0275,62.2325
09/03/10,45.6875,50.91,68.325,62.015
10/03/10,45.465,50.3,67.7625,61.8
11/03/10,45.665,50.4775,68.7575,62.375
12/03/10,45.49,50.345,68.94,62.665
15/03/10,45.695,50.43,68.7325,62.6925
17/03/10,45.4175,50.2175,69.6825,62.635
18/03/10,45.495,50.4375,69.5175,62.235
19/03/10,45.5375,50.3675,68.98,61.7825
22/03/10,45.605,50.37,68.42,61.6925
23/03/10,45.6225,50.5275,68.4125,61.605
25/03/10,45.535,49.4825,68.225,60.8775
26/03/10,45.285,49.0125,67.4675,60.69
29/03/10,45.08,48.68,67.4475,60.61
30/03/10,45.1875,48.8575,68.2425,60.9225
31/03/10,45.0325,48.2475,68.28,60.7075
05/04/10,44.57,47.2325,68.015,60.095
06/04/10,44.5625,47.4525,67.7125,59.79
07/04/10,44.64,47.565,67.67,59.625
08/04/10,44.5325,47.965,67.8125,59.315
09/04/10,44.38,47.395,68.24,59.49
12/04/10,44.525,47.645,68.695,60.545
13/04/10,44.53,47.845,68.7125,60.555
15/04/10,44.4625,47.77,68.58,60.23
16/04/10,44.3875,47.8425,68.635,60.0925
19/04/10,44.76,48.7025,68.1925,60.115
20/04/10,44.5425,47.9775,68.6,60.1575
21/04/10,44.555,47.915,68.5825,59.6725
22/04/10,44.59,47.9575,68.665,59.49
23/04/10,44.47,47.58,68.3425,59.1875
26/04/10,44.38,47.135,68.595,59.1175
27/04/10,44.4475,47.4375,68.2175,59.19
28/04/10,44.6,47.78,68.0797,58.9
29/04/10,44.6475,47.4725,68.085,59.1775
30/04/10,44.4575,47.095,68.235,59.2375
03/05/10,44.6125,47.395,68.085,59.0475
04/05/10,44.71,47.2725,67.96,58.72
05/05/10,45.035,47.545,68.22,58.2725
06/05/10,45.3825,48.42,68.3025,57.9575
07/05/10,45.55,49.3125,66.9375,58.2275
10/05/10,44.94,48.1275,67.48,58.4375
11/05/10,45.3525,49.1525,66.875,57.5375
12/05/10,45.2275,48.63,67.485,57.3475
13/05/10,45.14,48.72,66.7175,56.9
14/05/10,45.215,48.9025,65.825,56.43
17/05/10,45.655,49.43,65.84,56.3275
18/05/10,45.6075,49.1625,65.9125,56.64
19/05/10,46.355,50.7925,66.145,56.5825
20/05/10,46.7825,51.3625,66.92,57.735
21/05/10,46.955,52.31,67.285,58.6875
24/05/10,46.9975,52.16,67.505,58.2325
25/05/10,47.4,52.82,67.9621,58.19
26/05/10,47.475,52.575,68.4275,58.55
28/05/10,46.5425,51.05,67.7975,57.7175
31/05/10,46.5425,50.8725,67.4075,57.2825
01/06/10,47.2875,51.955,68.7275,57.5225
02/06/10,47.1075,51.23,69.1025,57.59
03/06/10,46.8025,50.52,68.595,57.3425
04/06/10,46.93,50.7725,68.56,56.945
07/06/10,47.2125,51.3525,68.44,56.5875
08/06/10,47.085,51.44,67.8975,56.24
09/06/10,47.125,51.5025,68.26,56.445
10/06/10,47.045,51.5725,68.7875,56.7075
11/06/10,46.93,51.2175,68.7075,56.945
14/06/10,46.555,50.82,68.5075,56.9825
15/06/10,46.6075,51.1,68.7275,57.1975
16/06/10,46.6125,50.9925,69.045,57.3075
17/06/10,46.4025,50.9,68.785,57.46
18/06/10,46.2325,51.085,68.5525,57.225
21/06/10,45.7675,50.235,67.955,56.78
22/06/10,46.28,51.11,68.1325,56.7675
23/06/10,46.2225,51.2875,68.935,56.7875
24/06/10,46.465,52.07,69.5525,57.1275
25/06/10,46.35,51.735,69.0875,56.9825
28/06/10,46.16,51.64,69.3692,57.03
29/06/10,46.6775,52.6225,70.2325,56.95
30/06/10,46.6,52.56,69.99,57.295
01/07/10,46.695,52.96,69.84,57.58
02/07/10,46.905,53.535,71.2425,58.7
05/07/10,46.9725,53.5175,71.04,58.815
06/07/10,47.0375,53.4775,71.37,59.1375
07/07/10,47.2,54.0325,71.38,59.42
08/07/10,46.9725,53.27,71.0975,59.4125
09/07/10,46.8,52.8275,70.965,59.3075
12/07/10,46.8575,52.885,70.275,58.8975
13/07/10,46.895,53.095,70.69,58.9975
14/07/10,46.795,52.8,71.315,59.4425
15/07/10,46.69,52.9675,71.65,59.835
16/07/10,46.825,53.6975,71.9575,60.7125
19/07/10,47.1575,54.0925,72.075,61.055
20/07/10,47.41,54.54,71.9725,61.11
21/07/10,47.1975,54.2,72.005,60.395
22/07/10,47.16,54.3,72.02,60.6275
23/07/10,46.97,53.8475,72.46,60.7325
26/07/10,47.035,53.9775,72.83,60.76
27/07/10,46.6725,53.3175,72.5,60.77
28/07/10,46.57,53.01,72.6678,60.62
29/07/10,46.755,53.745,73.025,61.14
30/07/10,46.635,53.87,72.635,60.66
02/08/10,46.4175,53.435,73.3,60.625
03/08/10,46.325,53.9025,73.8275,61.3075
04/08/10,46.3525,54.1525,73.84,61.2625
05/08/10,46.32,53.695,73.6625,61.1575
06/08/10,46.295,53.755,73.4375,60.9625
09/08/10,46.2675,53.9375,73.8125,61.3025
10/08/10,46.535,53.9975,73.285,61.215
11/08/10,46.8075,54.9325,73.44,60.8175
12/08/10,46.8975,54.75,73.105,60.11
13/08/10,46.87,54.5225,73.03,59.99
16/08/10,46.88,54.5775,73.0975,60.035
17/08/10,46.7075,54.5725,72.9375,60.0775
18/08/10,46.65,54.5325,72.935,60.0775
20/08/10,46.7425,54.62,72.435,59.4
23/08/10,46.7,54.64,72.6475,59.3375
24/08/10,46.965,55.49,72.375,59.2775
25/08/10,46.9375,55.36,72.3775,59.29
26/08/10,46.8625,55.315,72.76,59.505
27/08/10,46.86,55.31,72.6681,59.59
30/08/10,47.105,55.3975,73.24,59.825
31/08/10,47.24,55.725,72.735,59.855
01/09/10,46.985,55.7175,72.3,60.1525
02/09/10,46.89,55.665,72.2525,60.1625
03/09/10,46.79,55.42,72.09,60.0925
06/09/10,46.6975,55.4475,71.74,60.11
07/09/10,46.98,55.985,72.1875,59.9175
08/09/10,46.755,55.825,72.2875,59.4675
09/09/10,46.5975,55.6975,71.83,59.34
13/09/10,46.495,55.35,71.63,59.5725
14/09/10,46.54,55.935,71.6925,59.7475
15/09/10,46.45,54.515,72.13,60.2125
16/09/10,46.225,53.9875,72.18,60.4975
17/09/10,45.9275,53.5575,71.96,60.145
20/09/10,45.745,53.4275,71.3925,59.9175
21/09/10,45.7175,53.5275,70.9675,60.0175
22/09/10,45.6175,53.8825,71.41,60.99
23/09/10,45.6575,54.06,71.5725,60.8275
24/09/10,45.295,53.68,71.215,60.745
27/09/10,45.04,53.46,71.2961,60.62
28/09/10,45.4325,54.04,71.9775,61.1375
29/09/10,45.14,53.955,71.2625,61.3775
01/10/10,44.6925,53.74,70.75,61.345
04/10/10,44.755,53.755,70.8825,61.3375
05/10/10,44.865,53.8425,71.1975,61.745
06/10/10,44.6875,53.7575,70.9925,61.6675
07/10/10,44.37,53.8675,70.9625,61.9775
08/10/10,44.56,54.1125,70.7125,61.8475
11/10/10,44.5425,54.365,70.9975,62.04
12/10/10,44.7725,54.64,70.935,61.7875
13/10/10,44.6275,54.575,70.7025,62.3125
14/10/10,44.2475,54.52,70.8625,62.205
15/10/10,44.2275,54.4725,70.9425,62.215
18/10/10,44.465,54.6975,70.66,61.78
19/10/10,44.42,54.565,70.065,61.67
20/10/10,44.495,54.7275,69.96,61.5175
21/10/10,44.3725,54.755,69.99,62.21
22/10/10,44.62,54.9125,70.045,62.07
25/10/10,44.38,55.0375,69.86,62.2825
26/10/10,44.4475,54.825,70.565,61.965
27/10/10,44.52,54.5,70.4663,61.47
28/10/10,44.8375,55.125,71.1575,62.025
29/10/10,44.7425,55.3825,71.18,61.9225
01/11/10,44.6775,55.5475,71.675,62.2925
02/11/10,44.6175,55.2075,71.27,62.2375
03/11/10,44.515,55.0825,71.73,62.4875
04/11/10,44.3775,54.8325,71.6275,63.09
05/11/10,44.205,54.4825,71.6625,62.22
08/11/10,44.565,54.9275,71.7975,61.9575
09/11/10,44.51,55.1325,71.8425,61.9275
10/11/10,44.5225,54.265,71.4925,61.3025
11/11/10,44.4575,54.095,71.7575,61.14
12/11/10,44.9375,54.685,72.03,61.4625
15/11/10,45.33,54.6125,72.7825,61.6775
16/11/10,45.4125,54.4825,72.565,61.6425
18/11/10,45.315,54.4475,72.4,61.765
19/11/10,45.3325,54.4275,72.725,62.165
22/11/10,45.445,54.42,72.7225,62.33
23/11/10,45.6225,54.6775,72.6375,61.9175
24/11/10,45.7725,54.9525,72.285,61.11
25/11/10,45.535,54.46,71.74,60.655
26/11/10,45.74,54.54,71.8873,60.84
29/11/10,46.16,54.8475,71.9475,60.8325
30/11/10,46.1725,55.045,71.7575,60.19
01/12/10,45.605,54.4925,71.28,59.785
02/12/10,45.5,54.1175,71.06,60.02
03/12/10,45.31,54.23,70.97,60.0775
06/12/10,45.1825,54.5275,70.815,59.95
07/12/10,44.8625,54.3325,70.825,59.9525
08/12/10,45.2525,54.025,71.365,59.895
09/12/10,45.4,54.0525,71.465,59.97
10/12/10,45.2075,54.14,71.5975,59.89
13/12/10,45.27,53.8425,71.2425,59.94
14/12/10,45.08,54.3725,71.555,60.7225
15/12/10,45.4875,54.1475,71.3125,60.555
16/12/10,45.4275,54.06,70.885,60.1225
20/12/10,45.5175,54.3525,70.8025,59.9
21/12/10,45.3,54.15,70.1975,59.605
22/12/10,45.1425,54.105,69.84,59.355
23/12/10,45.195,54.46,69.58,59.215
24/12/10,45.145,54.5175,69.685,59.28
27/12/10,45.2725,54.6475,69.9275,59.6125
28/12/10,45.1125,54.9325,69.615,59.765
29/12/10,45.12,54.87,69.4284,59.22
30/12/10,45.155,55.385,69.7025,59.8675
31/12/10,44.905,55.1775,69.615,60.0525
03/01/11,44.9325,55.14,69.4975,59.84
04/01/11,45.1575,54.99,70.49,60.48
05/01/11,45.49,55.3475,70.81,60.145
06/01/11,45.46,54.68,70.3175,59.57
07/01/11,45.5675,54.5825,70.3725,59.1525
10/01/11,45.6175,54.8425,70.755,58.975
11/01/11,45.3175,54.58,70.48,58.67
12/01/11,45.2675,54.4525,70.6,58.7825
13/01/11,45.3475,54.615,71.3625,59.53
14/01/11,45.485,54.9125,72.0225,60.79
17/01/11,45.6175,55.1875,72.4825,60.5525
18/01/11,45.5175,55.14,72.8175,60.97
19/01/11,45.525,55.3175,72.6775,61.245
20/01/11,45.5925,55.4275,72.8175,61.485
21/01/11,45.6825,55.1375,72.6225,61.745
24/01/11,45.6825,55.1525,72.8,61.895
25/01/11,45.755,55.5525,72.185,62.2275
27/01/11,45.57,55.44,72.5019,62.46
28/01/11,45.9925,55.55,72.92,63.05
31/01/11,46.135,56.0575,73.2475,62.9175
01/02/11,45.9725,56.31,73.965,63.2025
02/02/11,45.8075,56.1575,74.1875,63.3275
03/02/11,45.7575,55.9125,74.1725,62.985
04/02/11,45.75,55.965,73.7625,62.345
07/02/11,45.63,55.4125,73.48,61.8
08/02/11,45.4425,55.345,73.1625,61.9325
09/02/11,45.605,55.2325,73.1725,62.105
10/02/11,45.8225,55.4,73.56,62.415
11/02/11,45.805,54.8225,73.165,61.9425
14/02/11,45.5725,54.6825,72.9275,61.3775
15/02/11,45.5825,54.58,73.295,61.65
17/02/11,45.405,54.3225,73.2025,61.57
18/02/11,45.2625,54.32,73.32,61.375
21/02/11,45.0775,54.255,73.11,61.6925
22/02/11,45.305,54.6025,73.2425,61.7975
23/02/11,45.17,54.505,73.3075,61.9725
24/02/11,45.37,55.28,73.5425,62.39
25/02/11,45.565,55.5725,73.265,62.7425
28/02/11,45.5025,55.5925,73.7775,62.8875
01/03/11,45.1575,55.045,73.51,62.4475
03/03/11,45.24,55.3225,73.59,62.7225
04/03/11,45.175,54.73,73.5375,63.035
07/03/11,45.2425,55.1775,73.8,63.3975
08/03/11,45.265,54.85,73.2125,62.9925
09/03/11,45.1625,54.575,73.145,62.765
10/03/11,45.315,54.6375,73.2625,62.6625
11/03/11,45.395,55.1275,72.6225,62.5025
14/03/11,45.2025,55.13,72.785,63.0925
15/03/11,45.3975,55.7175,72.6925,63.01
16/03/11,45.2575,56.025,72.7075,63.06
17/03/11,45.2725,57.6875,72.9975,63.4075
18/03/11,45.2125,55.5175,72.945,63.7875
21/03/11,45.105,55.5275,73.2925,63.8475
22/03/11,45.02,55.6,73.7275,64.0875
23/03/11,44.905,55.5175,73.1675,63.6575
24/03/11,44.78,55.3525,72.49,63.2525
25/03/11,44.6725,54.995,71.9425,63.29
28/03/11,44.8475,54.8825,71.69,63.03
29/03/11,44.67,54.7,71.6283,63.09
30/03/11,44.955,54.1425,72.1625,63.28
31/03/11,44.7525,54.1025,71.9975,63.5
05/04/11,44.6225,52.955,72.4075,63.2225
06/04/11,44.33,52.0925,72.2825,63.3725
07/04/11,44.3275,52.135,72.31,63.29
08/04/11,44.22,51.8525,72.36,63.6875
11/04/11,44.4875,52.525,72.7275,64.245
13/04/11,44.6225,53.055,72.6175,64.6775
15/04/11,44.4375,53.35,72.68,64.215
18/04/11,44.52,53.7275,72.43,63.66
19/04/11,44.5675,53.935,72.6475,63.6125
20/04/11,44.3725,53.5525,72.65,64.435
21/04/11,44.3725,54.07,73.4375,64.8025
25/04/11,44.5075,54.2875,73.5875,65.0525
26/04/11,44.52,54.4725,73.39,65.0625
27/04/11,44.4,54.29,73.26,65.17
28/04/11,44.6625,54.5975,74.3675,66.0375
29/04/11,44.47,54.6475,74.08,66.0025
02/05/11,44.545,54.6975,74.3175,66.0825
03/05/11,44.7275,55.315,73.7675,66.08
04/05/11,44.71,55.07,73.785,66.35
05/05/11,44.9375,56.2925,74.0975,66.5825
06/05/11,44.94,55.95,73.7975,65.2825
09/05/11,44.8825,55.545,73.505,64.585
10/05/11,44.94,55.695,73.4225,64.4075
11/05/11,44.8325,55.335,73.8625,64.3825
12/05/11,45.1075,55.7225,73.37,63.85
13/05/11,44.9825,55.695,73.175,64.205
16/05/11,45.2475,55.965,73.1775,63.7875
18/05/11,45.1425,55.6125,72.98,64.2625
19/05/11,45.045,54.9925,72.9675,64.2475
20/05/11,45.0475,55.145,73.105,64.135
23/05/11,45.2975,55.3375,73.06,63.465
24/05/11,45.2275,55.265,73.04,63.705
25/05/11,45.3575,55.26,73.605,63.81
26/05/11,45.31,55.3925,73.8825,64.2
27/05/11,45.21,55.79,74.3094,64.4
30/05/11,45.275,55.965,74.495,64.6175
31/05/11,45.2425,55.4325,74.5675,65.0725
01/06/11,45.0425,55.3325,73.9125,64.8175
02/06/11,45.03,55.69,73.74,65.09
03/06/11,45.03,55.82,73.435,65.1925
06/06/11,44.9275,56.0375,73.6625,65.5775
07/06/11,44.8525,55.8725,73.605,65.7075
08/06/11,44.8625,56.13,73.4325,65.5725
09/06/11,44.885,56.0025,73.63,65.4925
10/06/11,44.855,55.9375,73.1425,64.85
13/06/11,44.9975,55.9625,73.3425,64.6775
14/06/11,44.86,55.905,73.525,64.7175
15/06/11,44.8725,55.59,72.995,64.2025
16/06/11,44.985,55.6775,72.57,63.5075
17/06/11,44.95,55.9175,72.72,64.1375
20/06/11,45.055,56.035,72.855,64.065
21/06/11,44.9175,55.9875,72.75,64.4725
22/06/11,44.945,56.0025,72.5125,64.575
23/06/11,44.9825,55.795,71.96,64.0075
24/06/11,45.0025,56.0525,72.1025,64.01
27/06/11,45.0425,55.8325,72.0225,64.045
28/06/11,45.05,55.78,71.9156,64.34
29/06/11,45.065,55.5975,72.28,64.9475
30/06/11,44.8775,55.745,71.8975,64.8925
01/07/11,44.77,55.425,71.705,64.7925
04/07/11,44.5825,55.28,71.79,64.68
05/07/11,44.605,55.0375,71.845,64.5175
06/07/11,44.6525,55.12,71.4875,63.9775
07/07/11,44.5775,55.055,71.2875,63.685
08/07/11,44.4575,54.655,71.005,63.445
11/07/11,44.6025,55.26,71.155,62.8875
12/07/11,44.825,56.24,70.9475,62.4125
13/07/11,44.6325,56.2725,71.1875,62.7475
14/07/11,44.5925,56.37,71.8825,63.2025
15/07/11,44.6125,56.3075,71.925,63.105
18/07/11,44.6575,56.41,71.81,62.7075
19/07/11,44.5625,56.3725,71.855,63.15
20/07/11,44.5125,56.3925,71.8425,63.28
21/07/11,44.545,56.4375,72.005,63.1475
22/07/11,44.3825,56.495,72.3625,63.8825
25/07/11,44.405,56.7,72.3075,63.7925
26/07/11,44.19,56.61,72.46,63.9975
27/07/11,43.9485,56.59,72.1217,63.6663
28/07/11,44.3025,56.97,72.335,63.3025
29/07/11,44.4325,57.1975,72.34,63.32
01/08/11,44.2575,57.3525,72.6275,63.8025
02/08/11,44.4475,57.38,72.3425,63.0925
03/08/11,44.49,57.67,72.8625,63.5825
04/08/11,44.69,56.055,72.9725,63.6075
05/08/11,44.8725,57.18,73.1,63.5225
08/08/11,45.125,58.02,74.0225,64.3325
09/08/11,45.3,58.74,74.0675,64.5575
10/08/11,45.215,59.045,73.5175,64.8975
11/08/11,45.37,59.18,73.3525,64.4325
12/08/11,45.39,59.22,73.82,64.645
16/08/11,45.39,59.1025,74.315,65.185
17/08/11,45.43,59.325,74.7425,65.6875
18/08/11,45.7475,59.7,75.4325,65.7075
22/08/11,45.74,59.5,75.4225,65.9475
23/08/11,45.6375,59.5525,75.4375,66.055
24/08/11,46.0125,60.0775,75.9225,66.5075
25/08/11,46.0675,59.6825,75.4225,66.5225
26/08/11,46.0528,59.73,75.1996,66.4788
29/08/11,46.1275,60.1325,75.555,66.855
30/08/11,46.1025,60.02,75.135,66.4175
02/09/11,45.9625,59.8625,74.51,65.515
05/09/11,46.0625,59.9275,74.3225,65.0625
06/09/11,46.1675,59.76,74.28,65.3825
07/09/11,46.26,59.905,73.9725,65.005
08/09/11,46.34,59.9925,74.2125,65.12
09/09/11,46.685,59.9725,74.4275,64.48
12/09/11,47.2925,61.4,74.9825,64.4175
13/09/11,47.7025,61.9875,75.39,65.1325
14/09/11,47.7225,62.16,75.3975,65.475
15/09/11,47.6575,62.26,75.395,65.7675
16/09/11,47.35,61.7375,74.85,65.3775
19/09/11,47.855,62.43,75.2175,65.385
20/09/11,48.0925,62.8675,75.4875,65.815
21/09/11,48.3425,63.3825,75.655,65.9975
22/09/11,49.5225,65.0075,76.2825,66.515
23/09/11,49.49,64.9075,76.36,66.5575
26/09/11,49.485,64.8325,76.7975,66.82
27/09/11,49.1775,64.41,76.653,66.6331
28/09/11,48.91,64.0275,76.63,66.795
29/09/11,49.1575,64.1425,76.8775,66.8875
03/10/11,49.4025,64.3125,76.6675,65.9875
04/10/11,49.565,64.6675,76.2375,65.39
05/10/11,49.5075,64.55,76.525,66.055
07/10/11,49.285,64.3375,76.5175,66.21
10/10/11,49.1,64.0175,76.815,66.685
11/10/11,49.4675,64.57,77.3275,67.2625
12/10/11,49.0675,64.0175,77.2725,67.5425
13/10/11,49.2475,64.055,77.25,67.535
14/10/11,49.1275,63.8125,77.425,67.685
17/10/11,49.0425,63.505,77.1625,67.5475
18/10/11,49.4275,64.46,77.72,67.6225
19/10/11,49.2425,64.1375,77.74,68.12
20/10/11,49.83,64.895,78.5975,68.705
21/10/11,50.1475,65.385,79.55,69.0425
24/10/11,49.8625,65.58,79.44,68.9925
25/10/11,49.6598,65.28,79.3862,69.151
26/10/11,49.76,65.535,79.445,69.2175
28/10/11,49.0025,64.6625,78.875,69.3375
31/10/11,48.975,62.88,78.4,68.5875
01/11/11,49.5325,63.3725,78.81,67.8975
02/11/11,49.47,63.39,79.0725,68.1325
03/11/11,49.39,63.3,79,68.09
04/11/11,49.3475,63.225,79.0725,68.2675
08/11/11,49.6175,63.5725,79.7225,68.325
09/11/11,50.2575,64.6075,80.355,68.5875
11/11/11,50.2925,64.945,80.055,68.5575
14/11/11,50.5025,65.605,80.4875,68.995
15/11/11,50.8275,65.995,80.585,68.7475
16/11/11,50.8825,66.1375,80.22,68.5575
17/11/11,51.0125,66.2775,80.37,68.7725
18/11/11,51.42,66.9775,81.395,69.4575
21/11/11,52.1575,67.8175,81.7,70.095
22/11/11,52.5,68.325,82.27,71.1475
23/11/11,52.4825,68.0375,81.7475,70.255
24/11/11,52.135,67.655,80.9675,69.7375
25/11/11,52.31,67.575,80.8575,69.2575
28/11/11,51.983,66.98,80.5892,69.1243
29/11/11,52.305,67.3375,81.77,70.1025
30/11/11,52.54,67.265,81.915,69.9225
01/12/11,51.705,66.5675,81.23,69.67
02/12/11,51.44,66.02,80.6725,69.35
05/12/11,51.6025,66.12,80.5925,69.2975
07/12/11,51.8425,66.68,80.88,69.375
08/12/11,51.965,67.155,81.515,69.5775
09/12/11,52.245,67.2,81.9775,70.06
12/12/11,52.93,67.9825,82.6075,70.2025
13/12/11,53.3425,68.5375,83.23,70.505
14/12/11,53.9775,69.22,83.58,70.2925
15/12/11,53.815,69.1025,83.405,69.95
16/12/11,52.84,67.8575,82.09,68.8525
19/12/11,52.98,68.05,82.0925,68.9725
20/12/11,53.065,68.035,82.915,69.375
21/12/11,52.7125,67.695,82.745,69.01
22/12/11,52.7425,67.52,82.6725,68.8575
23/12/11,52.935,67.785,82.955,69.175
26/12/11,52.79,67.655,82.495,68.95
27/12/11,53.08,68.1825,83.055,69.3975
28/12/11,53.2145,68.39,83.3179,69.5113
29/12/11,53.6825,68.8825,82.5925,69.255
30/12/11,53.4875,69.025,82.575,69.2075
02/01/12,53.58,69.5975,82.96,69.34
03/01/12,53.52,69.685,83.475,69.7925
04/01/12,53.27,69.47,83.235,69.305
05/01/12,53.195,69.2225,82.7,68.335
06/01/12,52.945,68.6375,82.015,67.7125
09/01/12,52.7975,68.715,81.46,67.33
10/01/12,52.0075,67.7125,80.445,66.555
11/01/12,52.0325,67.6225,80.255,66.27
12/01/12,51.845,67.44,79.535,66.14
13/01/12,51.7175,67.405,79.3575,66.1675
16/01/12,51.6125,67.205,78.955,65.365
17/01/12,50.98,66.3575,78.3925,65.1225
18/01/12,50.585,65.9,77.6975,64.815
19/01/12,50.375,65.6275,77.7775,65.005
20/01/12,50.445,65.3625,78.0025,65.105
23/01/12,50.1725,65.2675,78.075,65.1475
24/01/12,50.0875,64.8425,77.9525,65.14
25/01/12,50.19,64.225,78.2075,65.1325
27/01/12,49.648,64.45,77.7984,65.0492
30/01/12,50.095,65.2975,78.4775,65.7025
31/01/12,49.745,65.0975,78.47,65.6225
01/02/12,49.575,65.1275,78.115,65.0725
02/02/12,49.4075,64.875,78.1675,64.9025
03/02/12,48.955,64.2025,77.535,64.495
06/02/12,49.32,64.375,77.5875,64.35
07/02/12,49.3775,64.3325,78.01,64.8075
08/02/12,49.3875,64.14,78.3925,65.5325
09/02/12,49.695,64.4,78.6625,65.9475
10/02/12,49.65,63.8675,78.575,65.755
13/02/12,49.3425,63.5075,78.0175,65.4075
14/02/12,49.485,63.42,77.935,65.295
15/02/12,49.4175,62.965,77.5525,64.98
17/02/12,49.365,62.4375,78.1825,64.8425
21/02/12,49.3475,61.8475,77.97,65.2775
22/02/12,49.325,61.4625,77.505,65.2475
23/02/12,49.235,61.435,77.3525,65.465
24/02/12,49.005,60.8325,77.4275,65.6275
27/02/12,49.0475,60.54,77.7795,65.89
28/02/12,49.4375,61.3825,78.3025,66.43
29/02/12,49.365,61.2925,78.6475,66.3025
01/03/12,49.54,61.1525,78.9475,66.0125
02/03/12,49.7825,61.095,79.225,65.9425
05/03/12,50.16,61.755,79.25,66.1425
06/03/12,50.6075,62.465,79.765,66.45
07/03/12,50.52,62.58,79.4275,66.345
09/03/12,50.095,61.19,78.95,66.24
12/03/12,50.1775,61.0375,78.4025,65.78
13/03/12,50.105,60.62,78.4275,65.6975
14/03/12,50.11,60.01,78.745,65.58
15/03/12,50.55,60.5975,79.11,65.9825
16/03/12,50.3675,60.175,79.195,65.8475
19/03/12,50.3475,60.5925,79.82,66.285
20/03/12,50.495,60.3625,80.0425,66.635
21/03/12,50.63,60.19,80.33,67.035
22/03/12,51.2525,61.7775,80.9625,67.4175
26/03/12,51.335,61.9025,81.53,67.9975
27/03/12,50.7625,61.27,81.0325,67.7475
28/03/12,50.9175,61.52,81.2134,67.85
29/03/12,51.68,62.7675,81.9075,68.535
30/03/12,51.2225,62.365,81.965,68.275
03/04/12,50.965,62.09,81.5375,67.9125
04/04/12,51.36,62.41,81.455,67.535
09/04/12,51.4575,63.245,81.6025,67.2875
10/04/12,51.6475,63.6325,81.7475,67.54
11/04/12,51.6625,63.865,82.1925,67.915
12/04/12,51.7,63.8125,82.4175,67.9175
13/04/12,51.5125,63.55,82.0675,67.81
16/04/12,51.8,64.1125,82.0025,67.45
17/04/12,51.6275,63.95,82.355,67.83
18/04/12,51.8675,63.7025,82.8625,67.83
19/04/12,52.145,63.7825,83.5725,68.31
20/04/12,52.1775,63.8275,84.0575,68.785
23/04/12,52.6125,64.865,84.6125,69.0775
24/04/12,52.78,64.9825,85.2975,69.4875
25/04/12,52.5675,64.7075,84.6075,69.425
26/04/12,52.567,64.78,85.0271,69.563
27/04/12,52.89,65.4925,85.7375,69.9775
30/04/12,53.0325,66.1025,86.195,70.0875
02/05/12,53.25,66.2675,86.125,69.96
03/05/12,53.715,66.8225,86.8325,70.53
04/05/12,53.7775,66.9825,86.9875,70.56
07/05/12,53.1725,66.6,85.8925,69.235
08/05/12,53.395,66.9375,86.24,69.5575
09/05/12,54.0025,67.8675,87.0425,70.0625
10/05/12,53.59,67.225,86.4875,69.275
11/05/12,53.7925,67.2375,86.5675,69.5425
14/05/12,54.055,67.655,86.8025,69.5625
15/05/12,53.9475,67.4575,86.4975,69.26
16/05/12,54.635,67.83,86.9525,69.4425
17/05/12,54.6175,68.0625,86.48,69.265
18/05/12,54.5375,68.655,86.105,69.285
21/05/12,55.065,69.405,87.04,70.2775
22/05/12,55.49,69.5025,87.4875,70.765
23/05/12,56.065,70.595,88.1425,70.915
24/05/12,55.7175,70.15,87.3575,70.0475
25/05/12,55.3975,69.6325,86.905,69.6375
28/05/12,55.2175,69.5825,86.665,69.4575
29/05/12,55.5835,69.93,87.1438,69.7325
30/05/12,56.4475,71.285,88.02,70.235
31/05/12,56.42,71.4475,87.335,69.9075
01/06/12,56.155,71.73,85.985,69.22
04/06/12,55.7025,71.2675,85.61,69.1925
05/06/12,55.9125,71.4125,85.745,69.405
06/06/12,55.55,70.07,86.0725,69.4375
07/06/12,55.15,69.4025,85.675,69.365
08/06/12,55.72,70.225,85.8975,69.345
11/06/12,55.8825,70.345,86.7775,70.1225
12/06/12,55.885,70.1775,86.7425,69.8375
13/06/12,55.7575,69.9425,86.7175,69.82
14/06/12,55.8475,70.3975,86.6825,70.1475
15/06/12,55.655,70.62,86.4675,70.2075
18/06/12,56.0125,70.82,87.565,70.6825
19/06/12,56.04,70.9875,87.7525,70.6775
20/06/12,56.205,71.1025,88.3475,71.2975
21/06/12,56.415,70.48,88.5675,71.445
22/06/12,57.2525,71.2375,89.165,71.735
25/06/12,57.0725,71.425,88.6325,71.1175
26/06/12,57.0275,71.835,89.165,71.18
27/06/12,57.2165,71.93,89.4208,71.4625
28/06/12,57.11,71.83,88.7225,70.9675
29/06/12,56.11,70.535,87.5425,70.56
02/07/12,55.71,69.8275,87.25,70.2875
03/07/12,54.855,68.7225,85.9775,69.015
04/07/12,54.765,68.5525,85.6225,68.7725
05/07/12,55.19,69.2375,85.9975,69.0075
06/07/12,55.69,69.6925,86.4525,68.8875
09/07/12,56.1075,70.4675,86.79,68.9475
10/07/12,55.5275,69.7975,86.15,68.3
11/07/12,55.605,70.0975,86.4425,68.25
12/07/12,56.0225,70.5725,86.4025,68.1975
13/07/12,55.265,69.6475,85.315,67.3725
16/07/12,55.335,69.9625,85.8875,67.4475
17/07/12,55.17,69.7075,86.1575,67.7475
18/07/12,55.5225,70.2325,86.53,67.8625
19/07/12,55.205,70.1825,86.49,67.815
20/07/12,55.335,70.3425,86.81,67.69
23/07/12,56.0075,71.53,86.9675,67.8875
24/07/12,56.23,71.8725,87.1875,68.0525
25/07/12,56.1625,71.75,87.0225,68.2575
26/07/12,55.5675,71.055,86.81,68.1225
27/07/12,55.413,70.84,86.9319,68.101
30/07/12,55.7225,71.1525,87.3925,68.3
31/07/12,55.835,71.315,87.3975,68.5
01/08/12,55.79,71.2725,87.125,68.615
02/08/12,56.135,71.675,87.265,68.81
03/08/12,56.0775,71.55,87.32,68.805
06/08/12,55.715,71.055,86.595,68.7725
07/08/12,55.275,70.4725,86.49,68.585
08/08/12,55.475,70.745,86.7625,68.5525
09/08/12,55.465,70.7275,86.6675,68.2825
10/08/12,55.4975,70.71,86.53,68.1
13/08/12,55.46,70.7675,86.985,68.5075
14/08/12,55.8375,71.0175,87.5325,68.925
16/08/12,55.9075,70.45,87.6325,68.625
17/08/12,55.8,70.205,87.4575,68.915
21/08/12,55.5575,69.86,87.465,68.9525
22/08/12,55.525,70.0075,87.6125,69.0675
23/08/12,55.255,70.22,87.685,69.2875
24/08/12,55.48,70.645,87.8375,69.3925
27/08/12,55.685,70.735,88.04,69.7225
28/08/12,55.6775,70.7875,87.9075,69.8475
29/08/12,55.6653,70.9,88.0458,69.9158
30/08/12,55.8725,70.99,88.4025,70.005
31/08/12,55.7875,70.9425,88.305,70.1325
03/09/12,55.72,71.0875,88.455,70.015
04/09/12,55.825,71.1475,88.545,70.24
05/09/12,56.105,71.515,89.0825,70.3375
06/09/12,55.8775,71.15,88.8525,70.4
07/09/12,55.5275,70.2675,88.41,70.4575
10/09/12,55.545,70.885,88.7575,70.95
11/09/12,55.4625,71.0275,88.845,70.8825
12/09/12,55.3,70.9925,88.965,71.34
13/09/12,55.4275,71.27,89.18,71.4625
14/09/12,54.3225,69.6825,88.1475,71.155
17/09/12,53.92,68.765,87.4975,70.7
18/09/12,54.085,68.74,87.8525,70.61
20/09/12,54.3375,69.4325,87.9475,70.345
21/09/12,53.45,68.3325,86.94,69.4175
24/09/12,53.4775,68.4725,86.63,69.0725
25/09/12,53.4025,68.6225,86.68,69.06
26/09/12,53.5785,68.93,86.6043,68.939
27/09/12,53.34,68.6325,86.3625,68.6025
28/09/12,53.0525,68.2875,85.905,68.555
01/10/12,52.7925,67.6725,85.17,68.0675
03/10/12,52.46,67.025,84.445,67.695
04/10/12,51.9825,66.115,83.715,67.2525
05/10/12,52.115,66.4,84.3275,67.7825
08/10/12,52.72,67.41,84.535,68.285
09/10/12,52.825,67.5,84.62,68.32
10/10/12,53.22,67.935,85.095,68.445
11/10/12,52.75,67.27,84.5225,68.1
12/10/12,52.89,67.385,84.91,68.5325
15/10/12,53.035,67.3475,85.155,68.77
16/10/12,53.0025,67.1675,85.2125,68.9275
17/10/12,52.96,67.2875,85.605,69.47
18/10/12,53.3425,67.2375,86.0375,69.8375
19/10/12,53.99,68.1725,86.5825,70.3925
22/10/12,53.5325,67.0725,85.8575,69.9325
23/10/12,53.8125,67.365,86.0075,69.9525
25/10/12,53.675,66.9825,86.585,69.7625
29/10/12,53.8065,67.51,86.5209,69.4965
30/10/12,54.3,68.3025,87.1725,70.27
31/10/12,54.075,67.69,87.0625,70.2725
01/11/12,53.98,67.4075,87.185,69.84
02/11/12,54.0875,67.35,86.9425,69.6025
05/11/12,54.8725,68.2875,87.62,70.175
06/11/12,54.715,68.1575,87.32,69.925
07/11/12,54.36,67.6125,86.8875,69.6725
08/11/12,54.6,68.3275,87.03,69.5475
09/11/12,54.8375,69.165,87.425,69.7125
12/11/12,55.1025,69.32,87.5225,70.0925
13/11/12,55.2175,69.4,87.715,69.9925
15/11/12,54.915,67.64,87.0125,70.07
16/11/12,55.315,68.15,87.615,70.465
19/11/12,55.1125,67.8375,87.6475,70.3525
20/11/12,55.14,67.7875,87.7925,70.605
21/11/12,55.1675,66.9975,87.7475,70.58
22/11/12,55.2625,66.88,88.1375,71.1325
23/11/12,55.5875,67.585,88.53,71.6625
26/11/12,55.7225,67.88,89.3175,72.27
27/11/12,55.7045,67.72,89.3444,72.35
29/11/12,55.1,67.0725,88.1475,71.4575
30/11/12,54.6075,66.055,87.54,70.9725
03/12/12,54.905,66.8125,88.1125,71.4875
04/12/12,54.8875,66.8725,88.4075,71.7125
05/12/12,54.775,66.575,88.155,71.605
06/12/12,54.2925,65.8525,87.45,70.9425
07/12/12,54.7075,66.385,87.6475,70.6475
10/12/12,54.6875,66.5275,87.715,70.59
11/12/12,54.4775,65.9975,87.555,70.595
12/12/12,54.4575,65.7075,87.87,70.94
13/12/12,54.6225,65.4625,88.0025,71.2675
14/12/12,54.6125,65.2,88.0175,71.4675
17/12/12,54.95,65.6675,88.98,72.2575
18/12/12,55.01,65.595,89.1275,72.4525
19/12/12,54.7175,64.8425,89.1025,72.5925
20/12/12,54.9125,65.37,89.3025,72.7725
21/12/12,55.17,65.6,89.56,72.8075
24/12/12,54.99,65.1325,89.0625,72.715
26/12/12,54.8975,64.3775,88.6425,72.535
27/12/12,54.8465,63.98,88.5497,72.633
28/12/12,55.11,63.885,88.7025,72.5425
31/12/12,55.15,64.0525,89.095,72.7125
01/01/13,55.0225,63.67,89.2825,72.7175
02/01/13,54.5675,62.6775,88.8275,72.2125
03/01/13,54.73,62.9725,88.4875,71.7075
04/01/13,55.3325,62.71,88.595,71.96
07/01/13,55.47,63.16,89.02,72.3375
08/01/13,55.225,63.18,88.7675,72.4125
09/01/13,55.0175,62.9,88.275,71.8375
10/01/13,54.7825,62.2,87.93,71.765
11/01/13,54.9425,61.875,88.4725,72.8175
14/01/13,54.605,61.1925,87.8875,72.9325
15/01/13,54.6975,61.6825,87.79,72.975
16/01/13,54.855,62.19,87.9875,73.045
17/01/13,54.3875,60.9475,87.11,72.6475
18/01/13,53.8575,60.015,85.8425,71.9425
21/01/13,53.9225,60.3,85.6175,71.755
22/01/13,53.755,60.5625,85.23,71.8075
23/01/13,53.64,60.73,85.0425,71.5325
24/01/13,53.695,59.9575,85.0175,71.575
28/01/13,53.9425,59.5525,84.82,72.545
29/01/13,53.7015,59.17,84.3543,72.2115
30/01/13,53.535,58.7025,84.355,72.5575
31/01/13,53.3925,58.7175,84.275,72.2775
01/02/13,53.44,58.0825,84.4975,72.8775
04/02/13,53.4375,57.62,84.0125,72.455
05/02/13,53.335,57.335,84.045,72.2675
06/02/13,53.3875,57.075,83.645,72.25
07/02/13,53.42,56.985,83.9425,72.4625
08/02/13,53.755,58.1725,84.66,72.045
11/02/13,53.9525,57.8275,84.6275,72.1675
12/02/13,54.0425,57.36,84.2775,72.675
13/02/13,53.9325,57.63,83.82,72.6675
14/02/13,54.015,57.985,83.7275,71.9425
15/02/13,54.3075,58.6525,84.1175,72.3575
18/02/13,54.3375,57.855,84.02,72.4875
20/02/13,54.1725,57.93,82.91,72.525
21/02/13,54.5775,58.6775,83.115,71.925
22/02/13,54.2875,58.235,82.875,71.575
25/02/13,53.8925,57.4925,81.6875,71.5375
26/02/13,54.065,58.7925,82.1425,70.6325
27/02/13,54.16,59.1025,82.01,70.8975
28/02/13,54.735,59.41,83.11,71.73
01/03/13,55.24,59.465,83.0025,71.9425
04/03/13,55.1575,58.9875,82.9325,71.66
05/03/13,55.155,59.21,83.57,71.85
06/03/13,55,58.875,82.9825,71.67
07/03/13,54.7925,58.2075,82.175,71.2925
08/03/13,54.5375,57.0575,81.9975,71.555
11/03/13,54.6225,56.925,81.2775,70.9925
12/03/13,54.42,56.865,80.9175,70.7875
13/03/13,54.5025,57.0325,81.55,70.87
14/03/13,54.495,56.5725,81.425,70.4375
15/03/13,54.1975,56.4625,82.1475,70.8075
18/03/13,54.295,57.2,82.125,70.3275
19/03/13,54.48,57.19,82.39,70.55
20/03/13,54.445,57.0825,82.3725,70.3325
21/03/13,54.33,57.07,82.5975,70.2075
22/03/13,54.355,57.385,82.6275,70.42
25/03/13,54.095,57.135,82.4825,70.52
26/03/13,54.7,57.9775,82.915,70.4225
28/03/13,54.6725,58.0425,82.7375,70.0275
02/04/13,54.6075,58.5275,82.9075,70.125
03/04/13,54.75,58.5575,82.73,70.18
04/04/13,55.16,57.7925,83.1325,70.6225
05/04/13,55.1025,57.3075,83.8275,71.185
08/04/13,54.765,55.5875,83.81,71.3225
09/04/13,54.7775,55.4125,83.755,71.43
10/04/13,54.6525,54.9525,83.62,71.5475
12/04/13,54.695,55.175,84.0075,71.4175
15/04/13,54.705,56.015,83.8275,71.4775
16/04/13,54.23,55.4625,82.9825,71.095
17/04/13,54.2275,55.4875,82.6925,71.1975
18/04/13,54.035,54.9425,82.485,70.585
22/04/13,54.115,54.3,82.4375,70.59
23/04/13,54.335,55.0825,82.8275,70.615
25/04/13,54.1775,54.6525,83.6775,70.835
26/04/13,54.28,54.995,83.85,70.6975
29/04/13,54.415,55.6525,84.39,71.18
30/04/13,53.9475,55.3675,83.4725,70.545
02/05/13,53.9425,55.4525,83.9575,70.98
03/05/13,54.0875,55.1975,84.07,70.9275
06/05/13,54.27,54.7475,84.3725,71.09
07/05/13,54.1825,54.655,84.1025,71.1
08/05/13,54.1725,54.7725,83.9825,71.115
09/05/13,54.355,55.085,84.58,71.4175
10/05/13,54.915,54.085,84.51,71.365
13/05/13,54.895,54.0925,84.325,71.255
14/05/13,54.9325,54.125,83.905,71.1675
15/05/13,54.9675,53.575,83.6075,70.7
16/05/13,54.885,53.56,83.5475,70.665
17/05/13,54.955,53.7325,83.79,70.6725
20/05/13,55.19,53.8775,83.8725,70.985
21/05/13,55.4675,54.0275,84.0075,71.2775
22/05/13,55.6125,54.0675,83.9,71.865
23/05/13,55.6175,54.6825,83.8325,71.6325
24/05/13,55.7025,55,84.21,72.1875
27/05/13,55.6,55.1175,84.105,71.9575
28/05/13,55.9475,54.845,84.575,72.385
29/05/13,56.245,55.0525,84.55,72.2925
30/05/13,56.5925,55.78,85.65,73.38
31/05/13,56.7925,56.5475,86.3,73.72
03/06/13,56.9775,56.78,86.8575,74.0525
04/06/13,56.6575,56.65,86.5975,74.0975
05/06/13,56.9675,57.19,87.41,74.355
06/06/13,57.025,57.5875,88.065,74.7375
07/06/13,57.2525,59.8475,89.0775,75.8675
10/06/13,58.25,58.87,90.4225,76.9775
11/06/13,58.53,60.3425,90.9075,77.685
12/06/13,57.9125,59.895,90.56,76.8375
13/06/13,58.105,61.615,90.97,77.395
14/06/13,57.6625,60.685,90.1575,76.795
17/06/13,57.945,61.06,90.9775,77.2625
18/06/13,58.87,61.7,91.835,78.7075
19/06/13,58.8075,61.76,91.9125,78.725
20/06/13,59.7775,61.045,92.3475,78.88
21/06/13,59.3075,60.6525,91.6025,78.3
24/06/13,59.77,60.9775,91.7575,78.3125
25/06/13,59.76,61.3325,92.3675,78.4575
26/06/13,59.855,61.37,92.3225,78.255
27/06/13,60.5775,61.6525,92.52,78.8425
28/06/13,59.745,60.29,91.0225,78.0375
01/07/13,59.785,59.975,90.99,77.965
02/07/13,59.915,60.0375,90.9575,78.02
03/07/13,60.6175,60.895,92.4025,78.5125
04/07/13,60.38,60.525,91.3375,78.47
05/07/13,60.56,60.5225,90.7175,77.955
08/07/13,60.955,60.22,90.8325,78.24
09/07/13,60.45,59.79,89.825,77.7375
10/07/13,59.945,59.9525,89.4075,76.915
11/07/13,59.8925,60.335,90.51,78.1975
12/07/13,60.095,60.44,90.7125,78.32
15/07/13,60.0375,59.9825,90.3825,78.2175
16/07/13,59.2825,59.6925,89.585,77.8275
17/07/13,59.5575,59.7775,90.695,78.285
18/07/13,59.6625,59.5725,90.76,78.15
19/07/13,59.5925,59.43,90.9975,78.21
22/07/13,59.6575,59.685,91.475,78.62
23/07/13,59.8175,59.8375,91.825,78.8275
24/07/13,59.105,59.1125,90.72,78.24
25/07/13,59.1225,59.315,90.3825,78.035
26/07/13,59.04,59.9025,90.9625,78.3625
29/07/13,59.28,60.56,91.1725,78.7075
30/07/13,60.7875,62.095,93.12,80.685
31/07/13,61.055,62.5125,92.8875,80.9425
01/08/13,60.6725,61.4375,92.41,80.3375
02/08/13,61.38,61.51,93.0625,81.0675
05/08/13,61.2775,62.21,94.025,81.305
06/08/13,61.56,62.7475,94.515,81.74
07/08/13,61.4625,63.1575,94.92,81.76
08/08/13,61.14,63.475,94.8575,81.7175
12/08/13,61.2975,63.405,94.935,81.5725
13/08/13,61.3225,62.58,94.8225,81.56
14/08/13,61.5125,62.695,95.35,81.58
16/08/13,61.96,63.6175,96.9775,82.7125
19/08/13,63.1875,64.5475,99.01,84.51
20/08/13,63.4275,65.2175,99.415,85.0225
21/08/13,64.455,66.215,101.225,86.44
22/08/13,64.7425,65.635,100.86,86.26
23/08/13,63.9925,64.6375,99.725,85.4925
26/08/13,64.51,65.4025,100.4175,86.2475
27/08/13,66.1175,67.6275,102.57,88.175
28/08/13,68.4175,70.1175,106.1625,91.4825
29/08/13,67.1075,68.3425,104.0625,89.0225
30/08/13,66.7275,67.95,103.485,88.2625
02/09/13,66.6625,67.1575,103.8375,88.05
03/09/13,68.6625,69.0225,106.755,90.3325
04/09/13,67.3625,67.7275,105.0475,88.6725
05/09/13,66.615,66.7,104.165,87.9525
06/09/13,65.705,65.92,102.245,86.105
10/09/13,64.25,64.035,100.775,85.0975
11/09/13,63.55,63.34,100.185,84.2025
12/09/13,64.0575,64.45,101.2375,85.11
13/09/13,63.7525,63.895,100.6675,84.635
16/09/13,63.1225,63.7875,100.5175,84.2225
17/09/13,63.505,64.05,101.0025,84.805
18/09/13,63.445,64.0775,101.28,84.655
19/09/13,61.995,62.6825,99.7525,83.9925
20/09/13,62.48,62.86,100.095,84.505
23/09/13,62.6425,63.315,100.49,84.6225
24/09/13,63.04,63.805,100.775,84.975
25/09/13,62.54,63.555,100.3575,84.4775
26/09/13,62.2125,62.86,100.005,84.08
27/09/13,63.1575,64.1325,101.6025,85.23
30/09/13,63.2125,64.6775,101.9525,85.2425
01/10/13,63.045,64.48,102.335,85.41
03/10/13,62.1375,63.5825,100.7125,84.485
04/10/13,61.94,63.7,99.34,84.1875
07/10/13,62.235,64.1975,100.0525,84.4875
08/10/13,62.1725,64.0875,100.0425,84.4175
09/10/13,62.19,63.895,99.2225,83.975
10/10/13,61.7,63.0725,98.3875,83.4625
11/10/13,61.3225,62.345,97.9425,83.1925
14/10/13,61.6675,62.755,98.595,83.6125
15/10/13,62.005,62.8775,98.7325,83.6375
17/10/13,61.4,62.65,98.685,83.7275
18/10/13,61.345,62.76,99.3625,83.955
21/10/13,61.615,62.7775,99.6025,84.27
22/10/13,61.685,62.7,99.5275,84.3625
23/10/13,61.6775,63.3575,99.52,84.79
24/10/13,61.4825,63.1575,99.4275,84.8525
25/10/13,61.56,63.265,99.675,84.9225
28/10/13,61.495,62.9675,99.615,84.905
29/10/13,61.47,63.0125,99.0275,84.7725
30/10/13,61.605,62.7125,99.0225,84.7775
31/10/13,61.81,62.945,99.1075,84.415
01/11/13,62.18,63.245,99.3425,84.0375
03/11/13,62.51,63.3125,99.19,83.94
05/11/13,62.0325,63.0825,99.5375,83.6725
06/11/13,62.68,63.575,100.895,84.74
07/11/13,62.845,63.68,101.035,84.9175
08/11/13,63.0275,64.1775,101.3025,84.62
11/11/13,63.6825,64.2175,101.7425,85.2675
12/11/13,64.0575,64.2225,101.705,85.7925
13/11/13,63.6775,63.95,101.585,85.3875
14/11/13,63.515,63.53,101.6125,85.2525
18/11/13,62.625,62.565,100.855,84.57
19/11/13,62.435,62.5275,100.39,84.285
20/11/13,62.62,62.69,101.09,84.72
21/11/13,63.0025,62.45,101.4875,84.6525
22/11/13,62.95,62.1725,101.9225,85.0825
25/11/13,62.485,61.4075,101.1675,84.4575
26/11/13,62.5,61.63,101.075,84.6275
27/11/13,62.325,61.345,101.0925,84.665
28/11/13,62.8375,61.4725,102.66,85.405
29/11/13,62.9075,61.5,102.7225,85.61
02/12/13,62.6225,60.9,102.6225,84.7725
03/12/13,62.7175,61.0825,102.9175,85.0875
04/12/13,62.4975,60.9825,102.2025,84.9175
05/12/13,62.045,60.855,101.4125,84.305
06/12/13,61.865,60.61,101.185,84.5625
09/12/13,61.2575,59.445,100.335,84.0125
10/12/13,61.305,59.51,100.875,84.245
11/12/13,61.4775,60.03,100.755,84.6175
12/12/13,61.9925,60.3475,101.615,85.3425
13/12/13,62.3575,60.1825,101.4975,85.53
16/12/13,61.93,60.12,101.0275,85.2925
17/12/13,62.1,60.345,101.1925,85.45
18/12/13,62.2025,60.495,101.76,85.5125
19/12/13,62.3125,59.885,101.9825,85.21
20/12/13,62.225,59.615,101.6475,84.9675
23/12/13,62.0225,59.7475,101.375,84.8325
24/12/13,61.8975,59.365,101.215,84.6325
26/12/13,62.0925,59.2875,101.7025,85.01
27/12/13,62.06,59.2175,102.0675,85.2825
30/12/13,62.2575,59.265,102.5225,85.685
31/12/13,62.155,59.2325,102.67,85.5425
01/01/14,62.225,59.09,102.88,85.62
02/01/14,62.6125,59.4,103.5475,85.725
03/01/14,62.55,59.9,102.98,85.3525
06/01/14,62.6075,59.91,102.56,85.28
07/01/14,62.555,59.91,102.755,85.3675
08/01/14,62.36,59.5675,102.35,84.7125
09/01/14,62.26,59.35,102.43,84.72
10/01/14,62.0475,59.15,101.8425,84.355
13/01/14,61.63,59.655,101.385,84.1925
15/01/14,61.64,59.12,101.28,83.9675
16/01/14,61.6,58.8325,100.6325,83.8275
17/01/14,61.63,59.055,101.2625,83.82
20/01/14,61.695,59.2225,101.4375,83.56
21/01/14,61.9475,59.17,101.7725,83.8375
22/01/14,61.935,59.365,102.445,83.885
23/01/14,61.935,59.3825,102.77,84.4575
24/01/14,62.7125,61.2675,104.16,85.8275
27/01/14,63.195,61.6,104.5975,86.395
28/01/14,62.61,60.7175,103.63,85.375
29/01/14,62.195,60.1925,103.1225,84.9825
30/01/14,62.96,61.485,103.6,85.605
31/01/14,63.0825,61.63,103.71,85.365
03/02/14,62.935,61.8425,102.7525,85.0225
04/02/14,62.8875,62.06,102.72,84.9825
05/02/14,62.825,62.055,102.2,84.8625
06/02/14,62.6575,61.7225,102.095,84.7725
07/02/14,62.4525,61.16,102.08,84.76
10/02/14,62.6175,61.325,102.66,85.3675
11/02/14,62.4,60.955,102.4975,85.3
12/02/14,62.24,60.835,103.01,84.905
13/02/14,62.4675,61.31,103.9075,85.385
14/02/14,62.085,60.9975,103.7075,85.04
17/02/14,61.965,60.8175,103.6875,84.95
18/02/14,62.2575,60.8275,104.0075,85.49
20/02/14,62.25,61.08,103.6525,85.2425
21/02/14,62.11,60.635,103.585,85.145
24/02/14,62.0575,60.6125,103.4075,85.345
25/02/14,61.975,60.4825,103.3175,85.135
26/02/14,62.3175,60.9125,104.0375,85.6075
28/02/14,62.2175,61.0625,103.97,85.7975
03/03/14,62.3625,61.6075,104.335,85.8875
04/03/14,62.2025,61.0525,103.78,85.6175
05/03/14,61.9575,60.5425,103.3425,84.9775
06/03/14,61.3875,59.835,102.67,84.385
07/03/14,61.305,59.62,102.775,85.1575
10/03/14,61.085,59.145,101.7375,84.7275
11/03/14,61.17,59.3,101.6275,84.65
12/03/14,61.4425,59.8575,101.92,85.215
13/03/14,61.295,59.775,102.3,85.48
14/03/14,61.3075,60.43,101.795,85.12
18/03/14,61.315,60.5,101.8025,85.2
19/03/14,61.06,60.1275,101.63,84.995
20/03/14,61.4225,59.9625,101.4125,84.52
21/03/14,61.0625,59.725,100.785,84.22
24/03/14,60.7925,59.3625,100.2375,83.6775
25/03/14,60.48,59.15,99.7525,83.505
26/03/14,60.145,58.78,99.3475,83.065
27/03/14,60.665,59.3775,100.74,83.385
28/03/14,60.1675,58.77,99.9575,82.605
02/04/14,60.1775,58.0525,100.1325,82.9225
03/04/14,60.5425,58.2875,100.37,83.2225
04/04/14,60.44,58.19,100.185,82.8125
07/04/14,60.4625,58.5825,100.225,83.0025
09/04/14,60.435,59.255,101.1425,83.3675
10/04/14,60.2975,59.31,101.095,83.5825
11/04/14,60.405,59.555,101.01,83.85
15/04/14,60.415,59.2925,100.9925,83.345
16/04/14,60.4875,59.165,101.5425,83.6925
17/04/14,60.4425,59.1825,101.555,83.75
21/04/14,60.5925,59.0525,101.79,83.7
22/04/14,60.88,59.375,102.4075,84.105
23/04/14,61.0975,59.78,102.6175,84.5525
25/04/14,60.65,59.4275,101.9475,83.8875
28/04/14,60.485,59.16,101.6275,83.615
29/04/14,60.715,59.0925,102.0275,84.125
30/04/14,60.5575,59.07,101.8575,83.8325
02/05/14,60.47,59.0125,101.955,83.83
05/05/14,60.44,59.31,101.905,83.8525
06/05/14,60.275,59.2675,102.2875,84.01
07/05/14,60.3125,59.3675,102.315,84.0025
08/05/14,60.1625,59.1225,102.0425,83.8675
09/05/14,60.15,59.1525,101.5125,82.95
12/05/14,59.9725,58.875,101.305,82.585
13/05/14,59.7925,58.47,100.695,81.995
15/05/14,59.29,58.18,99.3325,81.005
16/05/14,59.0475,58.2425,99.235,80.92
19/05/14,58.6025,57.9475,98.5725,80.385
20/05/14,58.7875,58.0225,98.99,80.5575
21/05/14,58.8925,58.275,99.4975,80.545
22/05/14,58.4125,57.5075,98.545,79.855
23/05/14,58.385,57.2925,98.29,79.55
26/05/14,58.745,57.7,98.9625,80.18
27/05/14,58.99,57.89,99.2675,80.5475
28/05/14,59.0725,57.97,99.2375,80.5625
29/05/14,59.2525,58.385,99.065,80.6875
30/05/14,59.315,58.3825,99.3475,80.7575
02/06/14,59.3275,58.15,99.405,80.7675
03/06/14,59.67,58.295,99.9425,81.235
04/06/14,59.595,58.0675,99.83,81.1775
05/06/14,59.4825,58.09,99.74,80.9575
06/06/14,59.2575,57.895,99.69,80.86
09/06/14,59.285,57.9275,99.6875,80.7625
10/06/14,59.3775,58.045,99.67,80.4175
11/06/14,59.46,58.3525,99.8025,80.5625
12/06/14,59.355,58.1675,99.895,80.3075
13/06/14,59.8975,58.7475,101.555,81.0725
16/06/14,60.2975,59.2025,102.275,81.5975
17/06/14,60.22,59.055,102.22,81.6975
18/06/14,60.495,59.2175,102.53,82.0875
19/06/14,60.1675,59.0825,102.4225,82
20/06/14,60.245,59.01,102.6475,81.84
23/06/14,60.295,59.2125,102.5825,81.88
24/06/14,60.1675,59.0725,102.1925,81.94
25/06/14,60.215,59.0525,102.225,81.915
26/06/14,60.1625,59.1025,102.2225,82.05
27/06/14,60.4475,59.6375,102.835,82.27
30/06/14,60.57,59.8025,103.165,82.6775
01/07/14,60.455,59.485,103.5075,82.7075
02/07/14,59.94,59.0175,102.815,81.8525
03/07/14,60.0725,58.99,102.8775,81.9875
04/07/14,60.0325,58.835,102.8275,81.5575
07/07/14,60.2475,59.135,103.15,81.9
08/07/14,60.065,59.065,102.7625,81.67
09/07/14,60.03,59.0575,102.675,81.6725
10/07/14,60.335,59.5825,103.15,82.1375
11/07/14,60.1825,59.3925,103.0525,81.8825
14/07/14,60.2825,59.3975,103.1225,82.13
15/07/14,60.265,59.325,103.3625,82.04
16/07/14,60.2575,59.2225,103.1225,81.555
17/07/14,60.28,59.39,103.0375,81.5425
18/07/14,60.4075,59.5925,103.2075,81.6875
21/07/14,60.4075,59.6,103.11,81.6875
22/07/14,60.3275,59.4,102.9325,81.335
23/07/14,60.13,59.295,102.475,81.005
24/07/14,60.1275,59.1775,102.3075,81.035
25/07/14,60.1075,59.01,102.0625,80.865
28/07/14,60.095,59.0175,102.04,80.725
30/07/14,60.4,59.0625,102.2275,80.9275
31/07/14,60.8525,59.1925,102.7,81.455
01/08/14,61.465,59.7475,103.4275,82.3475
04/08/14,61.2425,59.685,102.99,82.1775
05/08/14,61.1175,59.5075,103.0275,81.8025
06/08/14,61.78,60.3725,103.95,82.425
07/08/14,61.4825,60.11,103.565,82.235
08/08/14,61.4525,60.2775,103.2275,82.2875
11/08/14,61.38,60.1175,102.9575,82.195
12/08/14,61.295,59.9275,102.8475,81.7975
13/08/14,61.3575,59.885,102.4875,81.9625
14/08/14,60.91,59.4925,101.595,81.4875
19/08/14,60.785,59.215,101.16,81.1275
20/08/14,60.725,58.7925,101.0975,80.6625
21/08/14,60.735,58.5225,100.745,80.5575
22/08/14,60.5125,58.36,100.295,80.315
25/08/14,60.5775,58.305,100.5425,79.9625
26/08/14,60.485,58.23,100.3325,79.915
27/08/14,60.825,58.545,100.8425,80.155
28/08/14,60.9675,58.7975,101.0875,80.395
01/09/14,60.8725,58.3975,101.0925,79.9725
02/09/14,61.025,58.19,100.8375,80.0325
03/09/14,60.7775,57.865,100.0025,79.94
04/09/14,60.675,57.805,99.795,79.675
05/09/14,60.6775,57.7025,98.95,78.635
08/09/14,60.5475,57.55,97.6675,78.4125
09/09/14,60.8775,57.36,98.12,78.49
10/09/14,61.1825,57.4,98.65,79.205
11/09/14,61.1175,57.0775,99.2575,78.985
12/09/14,60.8775,56.8225,98.82,78.7425
15/09/14,61.33,57.215,99.635,79.2225
16/09/14,61.2425,57.18,99.1075,79.2875
17/09/14,61.0575,56.93,99.6125,79.09
18/09/14,60.97,56.125,99.5925,78.53
19/09/14,60.9125,56.015,99.7175,78.3775
22/09/14,60.9025,55.8775,99.415,78.225
23/09/14,61.03,56.295,100.04,78.7325
24/09/14,61.015,56.1425,100.0425,78.3525
25/09/14,61.365,56.215,100.0575,78.115
26/09/14,61.5725,56.4875,100.385,78.425
29/09/14,61.9525,56.655,100.5075,78.6375
30/09/14,62.12,56.6275,100.41,78.115
01/10/14,61.9375,56.37,100.2175,78
07/10/14,61.7175,56.87,99.06,77.745
08/10/14,61.68,56.9375,99.1,78.0525
09/10/14,61.2325,56.93,99.28,78.175
10/10/14,61.53,57.1475,98.7925,77.9325
13/10/14,61.3125,57.125,98.73,77.7925
14/10/14,61.61,57.6875,98.245,77.985
16/10/14,62.015,58.725,99.155,79.0575
17/10/14,61.5875,57.7775,99.1925,78.935
20/10/14,61.46,57.5125,99.1625,78.5425
21/10/14,61.3475,57.4175,99.075,78.225
22/10/14,61.2475,57.29,98.3825,77.8625
23/10/14,61.28,56.7975,98.21,77.56
27/10/14,61.3525,56.865,98.835,77.725
28/10/14,61.3375,56.75,98.87,77.9
29/10/14,61.3125,56.7375,98.9975,78.125
30/10/14,61.7575,56.68,98.82,77.72
31/10/14,61.6425,55.1925,98.6525,77.5575
03/11/14,61.655,54.42,98.615,77.0525
05/11/14,61.645,53.915,97.9375,77.01
07/11/14,61.85,53.75,97.8625,76.7175
10/11/14,61.6925,54.1425,98.0975,77.125
11/11/14,61.765,53.36,97.995,76.715
12/11/14,61.66,53.5775,97.7875,76.9125
13/11/14,61.68,53.4125,97.225,76.9375
14/11/14,61.865,53.18,96.9675,77.0825
17/11/14,61.855,53.25,96.7625,77.32
18/11/14,61.8325,52.99,96.885,77.4225
19/11/14,62.0525,52.8125,97.3625,77.83
20/11/14,62.0025,52.4625,97.0925,77.655
21/11/14,61.7925,52.455,96.8225,76.81
24/11/14,61.9425,52.4225,97.0825,76.88
25/11/14,61.87,52.3725,96.995,76.9375
26/11/14,61.865,52.5525,97.195,77.18
27/11/14,62.235,53.0325,97.95,77.615
28/11/14,62.3875,52.835,97.79,77.675
01/12/14,62.37,52.695,98.0175,77.7575
02/12/14,62.23,52.36,97.6575,77.4125
03/12/14,62.2,52.12,98.0525,76.7225
04/12/14,62.2225,51.9375,97.5475,76.6575
05/12/14,62.095,51.6,97.4075,76.745
08/12/14,62.1475,51.365,97.0025,76.1925
09/12/14,62.1575,51.885,97.2225,76.8225
10/12/14,62.2875,52.25,97.5975,77.11
11/12/14,62.555,52.735,98.02,77.8925
12/12/14,62.485,52.825,98.1425,77.69
15/12/14,63.1225,53.2475,98.86,78.4275
16/12/14,63.76,54.755,100.1875,79.72
17/12/14,63.7875,54.51,100.2925,79.425
18/12/14,63.26,53.3775,99.0325,78.01
19/12/14,63.4275,53.15,99.18,77.8225
22/12/14,63.345,52.8825,98.9175,77.68
23/12/14,63.3825,52.7825,98.595,77.5
24/12/14,63.5675,52.8225,98.8725,77.535
26/12/14,63.6375,52.9,99.0675,77.595
29/12/14,63.665,52.935,99.1875,77.6175
30/12/14,63.7375,53.265,98.94,77.4675
31/12/14,63.4675,53.1925,98.925,77.125
01/01/15,63.74,53.385,99.3575,77.2975
02/01/15,63.6225,52.845,98.22,76.6675
05/01/15,63.6925,52.96,97.1875,75.905
06/01/15,63.885,53.69,97.085,76.0775
07/01/15,63.475,53.3025,96.045,75.19
08/01/15,62.945,52.5175,94.8025,74.0675
09/01/15,62.585,52.5225,94.7925,73.9675
12/01/15,62.3825,52.295,94.405,73.6175
13/01/15,62.305,52.6175,94.295,73.545
14/01/15,62.3675,53.36,94.62,73.2475
15/01/15,62.185,53.4075,94.6875,72.785
16/01/15,61.8025,52.7125,93.65,71.6775
19/01/15,61.8025,52.6875,93.6375,71.725
20/01/15,61.8025,52.1775,93.65,71.6675
21/01/15,61.7175,52.49,93.3425,71.4625
22/01/15,61.725,52.48,93.6675,71.7925
23/01/15,61.505,52.005,92.145,69.1
27/01/15,61.395,52.01,92.5825,69.26
28/01/15,61.41,52.0925,93.225,69.8475
29/01/15,62.16,52.745,94.0125,70.3025
30/01/15,62.24,52.8925,93.8125,70.62
02/02/15,62.125,52.8275,93.305,70.3825
03/02/15,61.9875,52.75,93.38,70.335
04/02/15,62.05,52.8075,94.1925,70.9575
05/02/15,61.9675,52.7675,94.4,70.845
06/02/15,61.9325,52.7775,94.9325,70.815
09/02/15,62.375,52.6325,94.88,70.5525
10/02/15,62.34,52.37,94.8425,70.365
11/02/15,62.44,52.0725,95.4725,70.5625
12/02/15,62.4025,52.0675,95.6825,70.7625
13/02/15,62.3025,52.42,95.8925,71.0975
16/02/15,62.285,52.53,95.7375,71.0975
18/02/15,62.39,52.3025,96.235,70.9825
20/02/15,62.285,52.4825,95.6425,70.56
23/02/15,62.3275,52.325,95.61,70.4025
24/02/15,62.2625,52.055,96.165,70.45
25/02/15,62.055,52.24,96.07,70.4175
26/02/15,62.105,52.275,96.2975,70.5125
27/02/15,62.22,52.11,95.8725,69.92
02/03/15,62.2775,52.0025,95.995,69.9275
03/03/15,62.2675,51.955,95.7075,69.5625
04/03/15,62.5475,52.2825,95.94,69.6175
05/03/15,62.475,51.9825,95.3025,69.1
09/03/15,62.8325,51.9625,95.005,68.395
10/03/15,63.0075,51.82,94.9425,67.76
11/03/15,63.07,51.91,94.9875,66.695
12/03/15,62.745,51.8475,94.1125,66.71
13/03/15,63.1975,52.0875,93.695,66.9375
16/03/15,63.025,52.025,93.1875,66.4575
17/03/15,62.89,51.92,92.8275,66.7575
18/03/15,62.8775,51.925,92.2,66.8075
19/03/15,62.655,51.965,93.3525,67.025
20/03/15,62.5475,51.6525,92.2575,66.8825
23/03/15,62.3675,52.0625,92.98,67.89
24/03/15,62.325,52.235,92.9325,68.465
25/03/15,62.41,52.235,92.965,68.5725
26/03/15,62.7375,52.8425,93.72,69.0275
27/03/15,62.6075,52.535,92.9325,68.135
30/03/15,62.995,52.5275,93.16,68.255
31/03/15,62.8325,52.415,93.015,67.5225
06/04/15,62.4925,52.495,93.42,68.67
07/04/15,62.555,52.16,93.195,67.96
08/04/15,62.505,52.2275,93.39,67.9275
09/04/15,62.46,52.0675,92.6525,67.265
10/04/15,62.5125,51.93,91.3375,66.1875
13/04/15,62.7125,51.98,91.555,66.035
15/04/15,62.555,52.365,92.265,66.28
16/04/15,62.415,52.455,93.14,66.975
17/04/15,62.4725,52.63,93.77,67.4975
20/04/15,63.0175,52.9375,94.055,67.655
21/04/15,62.965,52.7175,93.6775,67.2975
22/04/15,62.935,52.68,94.7625,67.77
23/04/15,63.36,52.8125,95.0225,68.025
24/04/15,63.61,53.205,96.1475,68.8675
27/04/15,63.5175,53.2375,96.0425,68.8375
28/04/15,63.34,53.2175,96.555,68.89
29/04/15,63.67,53.375,97.6925,70
30/04/15,63.7975,53.6525,98.2025,71.27
05/05/15,63.755,52.925,96.365,70.94
06/05/15,63.8325,53.285,97.0875,71.6625
07/05/15,64.48,54.1,97.995,73.0175
08/05/15,64.1875,53.4075,98.935,71.9775
11/05/15,64.0875,53.4125,99.095,71.405
12/05/15,64.3725,53.6475,100.825,72.365
13/05/15,64.1825,53.595,100.5175,72.0175
14/05/15,63.7775,53.4675,100.6975,72.8375
15/05/15,63.6525,53.0825,100.0025,72.26
18/05/15,63.82,53.33,100.0325,72.785
19/05/15,63.7625,53.085,98.76,71.3775
20/05/15,63.935,52.83,99.155,70.9575
21/05/15,63.685,52.565,99.87,71.025
22/05/15,63.5525,52.49,99.25,70.955
25/05/15,63.585,52.26,98.395,69.7525
26/05/15,63.9825,52.1825,98.585,69.815
27/05/15,63.98,52.0175,98.6875,69.91
28/05/15,64.16,51.6175,97.945,69.98
29/05/15,64.2025,51.7975,97.84,70.3825
01/06/15,64.0625,51.6225,97.34,69.9225
02/06/15,64.1675,51.4125,97.7425,70.82
03/06/15,64.23,51.6175,98.1425,71.3725
04/06/15,64.2775,51.8175,99.0575,72.915
05/06/15,64.0525,51.3075,97.9875,71.8725
08/06/15,64.3425,51.3675,98.055,71.6725
09/06/15,64.1625,51.74,98.1225,72.2925
10/06/15,64.0725,52.0025,98.9825,72.225
11/06/15,64.16,51.89,99.2225,72.25
12/06/15,64.2675,51.9375,99.5325,71.85
15/06/15,64.275,51.9975,99.56,72.0625
16/06/15,64.4275,52.17,100.4825,72.4775
17/06/15,64.2825,51.8825,101.1125,72.3375
18/06/15,63.8625,52.105,101.59,72.79
19/06/15,63.6275,51.6625,100.7575,71.89
22/06/15,63.58,51.585,100.525,72.155
23/06/15,63.635,51.46,100.3975,71.365
24/06/15,63.6475,51.375,100.2875,71.2825
25/06/15,63.5975,51.44,99.91,71.2275
26/06/15,63.605,51.51,100.0925,71.205
29/06/15,64.23,52.26,100.7,71.38
30/06/15,64.005,52.3225,100.505,71.5225
01/07/15,63.9325,52.035,100.06,70.9875
02/07/15,63.8075,51.67,99.5175,70.6575
03/07/15,63.7275,51.8625,99.605,70.74
06/07/15,63.715,51.8925,99.095,70.2575
07/07/15,63.7175,52.0575,98.4225,69.91
08/07/15,63.8275,52.51,98.135,70.2775
09/07/15,63.625,52.3775,97.865,70.2925
10/07/15,63.575,51.965,98.795,71.1875
13/07/15,63.71,51.6575,99.0675,70.525
14/07/15,63.585,51.555,99.06,70.105
15/07/15,63.585,51.4875,99.3175,70.07
16/07/15,63.6425,51.335,99.3375,69.315
17/07/15,63.5575,51.285,99.18,69.2
20/07/15,63.7475,51.335,99.16,69.1025
21/07/15,63.6475,51.1825,98.9225,69.175
22/07/15,63.66,51.4725,99.47,69.605
23/07/15,63.8175,51.5775,99.5525,70.185
24/07/15,64.06,51.6725,99.265,70.15
27/07/15,64.22,52.115,99.63,71.095
28/07/15,63.9175,51.6775,99.665,70.4975
29/07/15,63.8925,51.71,99.6575,70.5675
30/07/15,64.37,51.7825,100.505,70.535
31/07/15,64.4875,51.86,100.3175,70.7175
03/08/15,64.3525,51.8225,100.25,70.5
04/08/15,64.0525,51.69,99.845,70.3175
05/08/15,64.0175,51.4825,99.9075,69.58
06/08/15,64.015,51.31,99.3175,69.8
07/08/15,64.06,51.4025,99.41,70.0175
10/08/15,64.1125,51.435,99.2475,70.1175
11/08/15,64.44,51.5925,100.3675,71.0975
12/08/15,64.9925,52.33,101.305,72.415
13/08/15,65.345,52.5,102.08,72.615
14/08/15,65.1375,52.51,101.8025,72.8175
17/08/15,65.4725,52.56,102.2925,72.5575
19/08/15,65.3575,52.5425,102.3175,72.0925
20/08/15,65.64,52.955,102.685,73.325
21/08/15,65.94,53.805,103.35,74.3675
24/08/15,66.75,55.555,104.82,76.635
25/08/15,66.1025,55.0075,104.1625,75.96
26/08/15,66.1925,55.365,103.29,75.5225
27/08/15,66.065,55.0625,102.36,74.93
28/08/15,66.52,55.035,102.2225,74.9525
31/08/15,66.8275,55.1,102.9975,74.89
01/09/15,66.5775,55.46,102.115,74.97
02/09/15,66.535,55.415,101.635,74.94
03/09/15,66.5125,55.315,101.5925,74.66
04/09/15,66.7675,56.0475,101.6075,74.3575
07/09/15,67.1175,56.2,102.4175,74.8325
08/09/15,66.8,55.6925,102.71,74.54
09/09/15,66.67,55.1925,102.3125,74.3125
10/09/15,66.645,54.9925,102.805,74.5625
11/09/15,66.7425,55.34,102.8425,75.1625
14/09/15,66.5075,55.3025,102.545,75.2475
15/09/15,66.5175,55.72,102.54,75.235
16/09/15,66.5675,55.1925,102.63,74.655
18/09/15,65.815,55.26,102.8425,75.225
21/09/15,65.8225,54.64,102.19,74.1625
22/09/15,65.9525,55.0225,101.79,73.6625
23/09/15,66.03,54.9625,101.0675,73.7175
24/09/15,66.2125,55.35,100.98,74.42
28/09/15,66.08,54.94,100.3575,73.8575
29/09/15,66.3025,55.295,100.5725,74.435
30/09/15,65.905,54.765,100.0925,73.91
01/10/15,65.81,54.8925,99.6975,73.3825
05/10/15,65.555,54.4925,99.555,73.6275
06/10/15,65.66,54.575,99.58,73.665
07/10/15,65.2325,54.285,99.845,73.4275
08/10/15,65.3,54.4675,100.08,73.7475
09/10/15,64.935,53.985,99.61,73.78
12/10/15,64.95,54.1125,99.765,73.8775
13/10/15,65.3375,54.5675,99.49,74.3575
14/10/15,65.18,54.5525,100.14,74.3175
15/10/15,64.935,54.9075,100.5475,74.26
16/10/15,64.9325,54.5375,100.2975,73.73
19/10/15,64.8825,54.3025,100.4425,73.4925
20/10/15,65.1075,54.425,100.745,74.08
21/10/15,65.1825,54.2875,100.6925,74.02
23/10/15,64.8625,53.765,99.8525,71.96
26/10/15,64.945,53.66,99.6375,71.665
27/10/15,64.98,53.9925,99.6675,71.8725
28/10/15,65.04,54.0175,99.5775,71.7725
29/10/15,65.6025,54.225,100.055,72.0275
30/10/15,65.605,54.4875,100.64,72.2575
02/11/15,65.9025,54.6525,101.885,72.6275
03/11/15,65.94,54.5775,101.5975,72.3925
04/11/15,65.77,54.26,101.3375,71.8625
05/11/15,66,54.1275,101.4625,71.69
06/11/15,66.015,54.155,99.8925,71.83
09/11/15,66.6475,54.0075,100.5625,71.8275
10/11/15,66.54,54.04,100.5125,71.46
11/11/15,66.2675,53.8225,100.535,71.0275
13/11/15,66.265,54.0825,100.8625,71.525
16/11/15,66.135,53.745,100.48,71.0475
17/11/15,66.16,53.66,100.6,70.66
18/11/15,66.4025,53.7425,101.06,70.875
19/11/15,66.265,53.8125,101.12,70.9675
20/11/15,66.235,53.9375,101.2325,70.8875
23/11/15,66.4675,53.9725,100.6775,70.69
24/11/15,66.3475,54.1275,100.3325,70.725
26/11/15,66.5575,54.3025,100.6475,70.69
27/11/15,67.0925,54.735,100.8125,71.095
30/11/15,66.97,54.4175,100.515,70.835
01/12/15,66.8175,54.2975,100.7875,70.83
02/12/15,66.8975,54.3575,100.63,70.9125
03/12/15,66.915,54.19,99.875,70.69
04/12/15,66.9925,54.5275,101.235,72.8175
07/12/15,66.9575,54.305,100.99,72.4425
08/12/15,67.0625,54.48,100.58,72.7675
09/12/15,67.065,54.705,101.025,73.2775
10/12/15,66.9275,55.065,101.5575,73.25
11/12/15,67.0625,55.2075,101.5075,73.53
14/12/15,67.2425,55.5675,101.885,73.745
15/12/15,67.105,55.445,101.7025,73.8575
16/12/15,66.86,54.8325,100.435,73.0275
17/12/15,66.53,54.3675,99.3525,72.185
18/12/15,66.475,54.77,99.2275,71.96
21/12/15,66.38,54.7175,98.905,72.17
22/12/15,66.3275,54.795,98.7375,72.535
23/12/15,66.2175,54.7675,98.5775,72.4
28/12/15,66.1725,54.9125,98.7525,72.735
29/12/15,66.365,55.1775,98.94,72.8175
30/12/15,66.6275,55.2875,98.765,72.7975
31/12/15,66.3775,55.145,98.4275,72.4725
01/01/16,66.395,55.3225,98.0425,72.23
04/01/16,66.8225,56.185,98.9075,72.925
05/01/16,66.8225,56.0875,98.105,71.995
06/01/16,67.015,56.5725,98.22,72.07
07/01/16,67.105,57.065,97.75,72.87
08/01/16,66.825,56.455,97.705,72.695
11/01/16,66.965,56.875,97.5575,73.0075
12/01/16,67.0275,56.83,96.825,72.78
13/01/16,66.9675,56.5875,96.67,72.5175
14/01/16,67.38,57.195,96.935,73.65
15/01/16,67.7275,57.6825,97.165,73.8625
18/01/16,67.7875,57.6775,96.93,73.93
19/01/16,67.7125,57.3175,96.9675,73.5875
20/01/16,68.0625,58.3425,96.4125,74.2575
21/01/16,68.0175,58.175,96.295,74.1675
22/01/16,67.6375,57.19,96.6,73.3075
25/01/16,67.8075,57.245,96.59,73.39
27/01/16,67.985,57.46,97.5125,73.8775
28/01/16,68.53,57.605,98.035,74.74
29/01/16,68.1,56.31,97.4775,74.295
01/02/16,68.13,56.1525,97.32,73.9925
02/02/16,68.27,56.4925,98.1975,74.5
03/02/16,68.37,57.215,98.975,74.685
04/02/16,67.845,57.6425,99.2925,75.8025
05/02/16,67.8875,58.0775,98.595,75.9725
08/02/16,68.175,58.37,98.2625,75.8775
09/02/16,68.1325,59.0175,98.43,76.365
10/02/16,68.0475,59.0875,98.7975,76.595
11/02/16,68.47,61.2625,98.8475,77.425
12/02/16,68.385,60.6725,99.4,77.1425
15/02/16,68.18,59.7875,98.6875,76.375
16/02/16,68.53,60.145,98.9575,76.5625
17/02/16,68.525,59.9675,97.94,76.2975
18/02/16,68.5475,60.0975,98.41,76.1875
22/02/16,68.6625,60.5575,97.15,75.9325
23/02/16,68.6275,61.235,96.8525,75.5325
24/02/16,68.61,61.3375,95.3625,75.3225
25/02/16,68.615,61.09,95.565,75.7125
26/02/16,69.0625,61.1025,96.3825,76.075
29/02/16,68.765,60.885,95.2675,74.92
01/03/16,68.2325,60.2225,95.3925,74.1425
02/03/16,67.865,59.3725,94.92,73.735
03/03/16,67.585,59.325,95.1125,73.5375
04/03/16,67.36,59.2175,95.26,74.03
08/03/16,67.6625,59.9325,96.1625,74.515
09/03/16,67.4775,60.0625,96.0175,73.99
10/03/16,67.2775,59.2825,95.6825,73.8275
11/03/16,67.2675,59.12,96.205,74.615
14/03/16,67.305,59.195,96.6025,74.775
15/03/16,67.5725,59.7775,95.6475,74.9675
16/03/16,67.415,59.355,95.095,74.75
17/03/16,66.82,60.0375,95.845,75.6175
18/03/16,66.5975,59.72,96.2075,75.0775
21/03/16,66.5775,59.6875,95.9025,75.07
22/03/16,66.7275,59.745,95.36,74.785
23/03/16,66.6675,59.1625,94.6375,74.655
28/03/16,66.5775,58.6575,94.33,74.325
29/03/16,66.55,58.58,94.7,74.5025
30/03/16,66.6225,59.2325,95.9375,75.595
31/03/16,66.4925,59.215,95.88,75.72
04/04/16,66.475,59.5225,94.6375,75.575
05/04/16,66.705,60.3975,94.81,75.7975
06/04/16,66.855,60.585,94.025,75.9
07/04/16,66.6975,61.575,94.09,76
11/04/16,66.6425,61.5825,94.8825,75.9875
12/04/16,66.56,61.4225,95.205,75.9275
13/04/16,66.73,61.0375,95.0825,75.445
18/04/16,66.635,61.5025,94.4625,75.375
20/04/16,66.285,60.665,95.3225,75.4025
21/04/16,66.4225,60.4875,95.49,75.2075
22/04/16,66.5275,60.14,95.7825,75.0475
25/04/16,66.65,59.965,96.4475,75.01
26/04/16,66.535,59.96,96.8575,75.0475
27/04/16,66.5425,59.85,96.94,75.19
28/04/16,66.8825,61.81,97.29,75.8925
29/04/16,66.66,62.1725,97.4075,75.9675
02/05/16,66.7725,62.5675,97.62,76.605
03/05/16,66.7575,62.985,97.875,77.275
04/05/16,66.8825,62.625,96.92,76.8675
05/05/16,66.805,62.26,96.54,76.325
06/05/16,66.815,62.4475,96.895,76.3575
09/05/16,66.7925,61.735,96.5,76.07
10/05/16,66.8725,61.3525,96.52,76.0225
11/05/16,66.81,61.43,96.4425,76.1675
12/05/16,66.8175,61.195,96.6975,76.1725
13/05/16,66.935,61.47,96.525,76
16/05/16,66.9675,61.5075,96.21,75.8425
17/05/16,66.98,61.22,96.9925,75.8775
18/05/16,67.1,61.395,97.4125,75.7475
19/05/16,67.465,61.4575,98.63,75.6325
20/05/16,67.5675,61.245,98.44,75.835
23/05/16,67.55,61.7575,97.76,75.775
24/05/16,67.775,61.8325,98.985,75.8325
25/05/16,67.43,61.1875,98.955,75.1875
26/05/16,67.1725,61.1275,98.6225,75.11
27/05/16,67.0775,61.1525,98.3475,75.1
30/05/16,67.52,60.815,98.5925,75.3275
31/05/16,67.5975,60.935,98.795,75.555
01/06/16,67.7675,61.9475,97.815,75.7325
02/06/16,67.58,61.98,97.645,75.765
03/06/16,67.5525,62.0275,97.425,75.35
06/06/16,67.24,62.735,96.96,76.3075
07/06/16,66.975,62.14,97.715,76.095
08/06/16,66.84,62.4075,97.425,76.0925
09/06/16,66.925,62.7825,96.8325,75.91
10/06/16,66.9375,62.625,96.53,75.6775
13/06/16,67.2825,63.3925,95.4125,75.87
14/06/16,67.425,63.625,95.57,75.735
15/06/16,67.28,63.2875,95.5475,75.5825
16/06/16,67.41,64.6075,95.1675,75.47
17/06/16,67.175,64.4175,95.93,75.6875
20/06/16,67.415,64.4075,98.6125,76.3875
21/06/16,67.6025,64.525,99.53,76.565
22/06/16,67.5225,64.53,99.1325,76.3
23/06/16,67.285,63.62,100.1225,76.615
24/06/16,67.9675,66.3625,93.185,75.3175
27/06/16,67.9725,66.8775,89.8725,74.8675
28/06/16,67.8675,66.635,90.3625,75.09
29/06/16,67.99,66.2325,91.515,75.3925
30/06/16,67.7725,65.895,91.5175,75.52
01/07/16,67.6125,65.8675,89.995,75.195
04/07/16,67.51,65.7575,89.57,75.135
05/07/16,67.7,66.4875,89.1725,75.51
07/07/16,67.59,66.7775,88.21,74.9
08/07/16,67.54,67.17,87.7875,74.7525
11/07/16,67.3,65.66,87.4075,74.37
12/07/16,67.3175,64.8925,88.505,74.6475
13/07/16,67.1775,64.1225,89.2375,74.445
14/07/16,67.0325,63.58,89.5075,74.5925
15/07/16,67.1575,63.515,89.8325,74.8075
18/07/16,67.28,63.71,89.0525,74.3925
19/07/16,67.1925,63.37,88.505,74.3075
20/07/16,67.2675,63.175,88.625,74.11
21/07/16,67.215,63.2825,88.67,74.07
22/07/16,67.1125,63.2625,87.9175,73.9575
25/07/16,67.3375,63.39,88.4175,74.005
26/07/16,67.2775,64.4275,88.2975,74.0325
27/07/16,67.2475,63.68,88.19,73.9175
28/07/16,67.38,64.345,88.7225,74.7325
29/07/16,67.2925,65.1175,88.7225,74.8325
01/08/16,67.0475,65.515,88.425,74.9075
02/08/16,67.0275,65.8125,88.79,75.0725
03/08/16,67.26,66.4175,89.7925,75.3825
04/08/16,67.1825,66.2825,88.77,74.8375
05/08/16,67,66.285,88.23,74.795
08/08/16,67.06,65.5375,87.645,74.35
09/08/16,67.075,65.66,87.11,74.3825
10/08/16,66.875,66.0825,87.535,74.845
11/08/16,66.975,66.0625,87.035,74.7
12/08/16,66.9975,65.6475,86.87,74.745
16/08/16,66.86,66.86,86.9125,75.4775
18/08/16,66.8975,66.6675,88.0125,75.735
19/08/16,67.125,66.97,88.0775,76.005
22/08/16,67.265,66.87,88.1425,75.985
23/08/16,67.1125,66.9825,88.5425,76.08
24/08/16,67.165,66.9925,88.92,75.7175
25/08/16,67.055,66.7425,88.4725,75.6625
26/08/16,67.0675,66.7275,88.5075,75.675
29/08/16,67.185,65.655,88.075,75.235
30/08/16,67.3475,65.815,88.235,75.255
31/08/16,67.265,65.15,88.3925,74.9775
01/09/16,67.24,64.91,89.0575,75.05
02/09/16,67.085,64.8475,88.9,75.115
06/09/16,66.72,64.665,88.995,74.585
07/09/16,66.565,65.5375,89.0475,74.9375
08/09/16,66.5825,65.5025,89.005,75.2275
09/09/16,66.8625,65.1525,89.04,75.39
12/09/16,67.0575,65.7325,88.94,75.275
14/09/16,67.0325,65.81,88.55,75.2925
15/09/16,67.12,65.5425,88.7725,75.4425
16/09/16,67.1075,65.865,88.4,75.325
19/09/16,67.065,65.845,87.5675,74.9025
20/09/16,67.115,65.84,87.075,75.0675
21/09/16,67.0875,66.1325,87.23,74.8
22/09/16,66.7175,66.2125,87.175,74.97
23/09/16,66.675,66.1575,86.5325,74.8
26/09/16,66.6525,66.335,86.2175,74.96
27/09/16,66.4825,66.215,86.2225,74.74
28/09/16,66.4575,66.095,86.4675,74.4425
29/09/16,67.1375,66.195,87.52,75.3725
30/09/16,66.8725,66.1225,86.8525,74.76
03/10/16,66.8175,65.9375,86.12,75.1425
04/10/16,66.7,65.18,85.19,74.61
05/10/16,66.745,64.78,85.07,74.9825
06/10/16,66.84,64.5375,84.8875,74.835
07/10/16,66.8575,64.52,82.7325,74.56
10/10/16,66.6775,64.55,82.905,74.4525
13/10/16,67.01,64.6275,81.8725,73.985
14/10/16,66.815,64.0625,81.8325,73.6525
17/10/16,66.955,64.2975,81.395,73.6525
18/10/16,66.7875,64.285,82.0175,73.55
19/10/16,66.745,64.58,82.125,73.3275
20/10/16,66.8375,64.445,82.0175,73.4175
21/10/16,66.8975,64.48,81.75,72.895
24/10/16,66.8525,64.34,81.915,72.8875
25/10/16,66.84,63.97,81.8325,72.7825
26/10/16,66.76,64.075,81.33,72.8075
27/10/16,67.1425,64.145,82.4025,73.43
28/10/16,67.0575,63.715,81.425,73.2825
30/10/16,67.07,63.92,81.68,73.6525
01/11/16,66.9825,63.8625,82.1125,73.74
02/11/16,66.9725,64.7875,82.3875,74.26
03/11/16,66.9675,64.895,83.27,74.2125
04/11/16,66.9375,65.045,83.6325,74.3025
07/11/16,66.9275,64.105,83.16,74.115
08/11/16,66.8125,63.8825,82.965,73.865
09/11/16,66.5925,64.605,82.8925,74.02
10/11/16,66.74,62.6125,82.7825,72.8025
11/11/16,67.35,63.2975,85.03,73.215
15/11/16,67.81,62.685,84.075,73.065
16/11/16,68.01,62.0625,84.49,72.8225
17/11/16,67.9375,62.3325,84.7425,72.925
18/11/16,68.1825,61.7975,84.74,72.42
21/11/16,68.145,61.5875,84.125,72.4425
22/11/16,68.2175,61.6075,84.9725,72.6575
23/11/16,68.5625,61.735,84.8875,72.8875
24/11/16,68.7125,60.8225,85.865,72.67
25/11/16,68.4225,60.6875,85.2375,72.5525
28/11/16,68.6975,61.3325,85.9,73.1775
29/11/16,68.835,61.2325,85.9125,73.04
30/11/16,68.5625,60.8175,85.285,73.1525
01/12/16,68.495,60.0625,86.51,72.8525
02/12/16,68.37,60.14,86.255,72.825
05/12/16,68.365,59.885,86.88,73.07
06/12/16,68.0325,59.725,86.7875,73.2675
07/12/16,67.795,59.5475,85.465,72.745
08/12/16,67.44,59.545,85.58,72.805
09/12/16,67.52,59.0175,85.18,71.6825
13/12/16,67.585,58.625,85.8375,71.7925
14/12/16,67.54,58.81,86.1225,71.9325
15/12/16,67.89,57.4275,85.1025,71.11
16/12/16,67.795,57.49,84.5,70.965
19/12/16,67.8925,57.915,84.48,70.94
20/12/16,68.075,57.795,84.1975,70.7325
21/12/16,67.9375,57.8875,83.98,70.76
22/12/16,67.9975,57.9125,83.975,71.2175
23/12/16,67.8,57.83,83.1625,70.8875
26/12/16,67.73,57.9075,83.2975,70.8425
27/12/16,68.015,58.015,83.4775,71.135
28/12/16,68.22,58.0175,83.88,71.46
29/12/16,68.2675,58.76,83.88,71.57
30/12/16,68.1025,58.3975,83.8375,71.9175
02/01/17,68.3775,58.385,84.12,71.765
03/01/17,68.475,57.9975,84.165,71.275
04/01/17,68.2275,58.2,83.7525,71.37
05/01/17,68.1175,58.47,83.885,71.5325
06/01/17,68.1175,58.8075,84.265,72.1825
09/01/17,68.3825,58.605,83.3625,71.9975
10/01/17,68.325,58.9575,83.1125,72.5425
11/01/17,68.47,58.9125,83.1925,72.085
12/01/17,68.1975,59.7275,83.75,72.5975
13/01/17,68.28,59.6,83.48,72.7475
16/01/17,68.2075,59.765,82.3125,72.27
17/01/17,68.045,60.2625,82.8575,72.72
18/01/17,68.135,60.11,83.9,72.8
19/01/17,68.2,59.48,84.1175,72.6975
20/01/17,68.235,59.23,83.8,72.535
23/01/17,68.235,59.98,84.9725,73.2125
24/01/17,68.175,60.135,84.89,73.175
25/01/17,68.0775,59.9475,85.6325,73.1825
27/01/17,68.1875,59.25,85.55,72.74
30/01/17,68.17,59.4925,85.4875,72.93
31/01/17,68.0625,59.81,84.6975,72.92
01/02/17,67.71,59.79,85.51,73.155
02/02/17,67.5575,60.1075,85.52,73.02
03/02/17,67.465,59.6625,84.24,72.54
06/02/17,67.35,59.8875,84.1125,72.4225
07/02/17,67.535,60.1275,83.5925,72.1425
08/02/17,67.3675,60.02,84.205,71.8175
09/02/17,66.9925,59.6975,84.2575,71.7025
10/02/17,66.9725,59.0675,83.7425,71.3925
13/02/17,67.1175,59.015,84.065,71.495
14/02/17,67.0225,59.1575,83.6475,71.2375
15/02/17,66.9625,58.5275,83.315,70.7275
16/02/17,67.1,59.06,83.9575,71.355
17/02/17,67.0975,59.4875,83.31,71.485
20/02/17,66.955,59.21,83.5,71.145
22/02/17,66.99,59.2975,83.4525,70.4125
23/02/17,66.825,59.0275,83.2025,70.65
27/02/17,66.9575,59.71,83.2025,71
28/02/17,66.94,59.705,83.345,71.0825
01/03/17,67.0325,59.0375,82.885,70.78
02/03/17,66.9025,58.6175,82.2175,70.545
03/03/17,67.0025,58.595,82,70.7425
06/03/17,66.8875,58.8275,82.09,70.92
07/03/17,66.84,58.7625,81.63,70.8
08/03/17,66.885,58.6925,81.3725,70.72
09/03/17,66.8625,58.3875,81.3725,70.695
10/03/17,66.725,57.8925,81.21,70.8575
14/03/17,65.9625,57.455,80.115,70.255
15/03/17,65.8125,57.475,80.3425,70.0525
16/03/17,65.5325,57.8025,80.395,70.36
17/03/17,65.57,57.98,81.05,70.4975
20/03/17,65.4275,58.02,81.28,70.4075
21/03/17,65.3,58.145,81.4425,70.5825
22/03/17,65.5175,58.885,81.6475,70.715
23/03/17,65.5625,59.07,82.04,70.7875
24/03/17,65.4075,58.94,81.7075,70.6925
27/03/17,65.0825,59.0075,81.9675,70.7175
29/03/17,64.9525,58.4425,80.4425,70.1125
30/03/17,65.0925,58.6525,81.2075,70.06
31/03/17,65.0625,58.2875,81.21,69.6725
03/04/17,65.225,58.57,81.635,69.585
05/04/17,65.095,58.7775,81.31,69.55
06/04/17,64.72,58.4075,80.6925,69.11
07/04/17,64.415,58.25,80.09,68.55
10/04/17,64.7025,58.2025,80.33,68.5275
11/04/17,64.63,58.465,80.365,68.675
12/04/17,64.7725,59.1475,81.03,68.755
13/04/17,64.4925,59.205,80.9475,68.7175
17/04/17,64.5675,59.605,81.0525,68.7425
18/04/17,64.68,59.4025,81.985,69.0725
19/04/17,64.6375,59.3375,83.065,69.3625
20/04/17,64.6125,59.2675,82.7275,69.4425
21/04/17,64.6375,59.245,82.635,69.1825
24/04/17,64.4575,58.525,82.6875,69.9975
25/04/17,64.2925,58.2075,82.41,69.93
26/04/17,64.02,57.4675,82.1025,69.9675
27/04/17,64.39,57.9,83.1175,70.28
28/04/17,64.5375,58.0075,83.6025,70.69
02/05/17,64.445,57.5125,83.3325,70.45
03/05/17,64.3625,57.44,83.2325,70.3225
04/05/17,64.375,57.07,83.055,70.4375
05/05/17,64.545,57.48,83.485,70.8325
08/05/17,64.4725,57.3425,83.6,70.6525
09/05/17,64.8025,57.04,83.78,70.7
11/05/17,64.51,56.6025,83.1825,70.1825
12/05/17,64.4525,56.62,82.905,70.1525
15/05/17,64.185,56.595,83.0825,70.4575
16/05/17,64.1875,56.5125,82.8225,71.03
17/05/17,64.245,57.1575,83.3325,71.375
18/05/17,64.9425,58.81,84.59,72.3575
19/05/17,64.7075,58.09,84.1725,72.285
22/05/17,64.59,58.005,83.9725,72.5875
23/05/17,64.8975,58.35,84.1825,72.9125
24/05/17,64.79,57.9575,84.0075,72.4875
25/05/17,64.6225,57.8275,83.7725,72.465
26/05/17,64.445,58.1175,82.8875,72.235
29/05/17,64.5625,58.035,82.83,72.145
30/05/17,64.8775,58.5275,83.555,72.4575
31/05/17,64.7325,58.4825,83.1975,72.69
01/06/17,64.72,58.285,83.2025,72.67
02/06/17,64.6375,58.0475,83.155,72.57
05/06/17,64.5425,58.4225,83.3325,72.655
06/06/17,64.615,59.0825,83.4125,72.7425
07/06/17,64.5075,58.9875,83.2675,72.3675
08/06/17,64.3875,58.5675,83.41,72.455
09/06/17,64.405,58.3825,82.2825,72.0975
12/06/17,64.585,58.775,82.0425,72.51
13/06/17,64.47,58.6175,82.1325,72.3275
14/06/17,64.4075,58.405,82.045,72.235
15/06/17,64.6,58.845,82.3575,72.1425
16/06/17,64.51,57.995,82.44,72.175
19/06/17,64.49,58.1525,82.59,72.33
20/06/17,64.5475,57.9125,81.8025,72.0325
21/06/17,64.565,58.05,81.855,72.0525
22/06/17,64.61,58.07,81.84,72.1575
23/06/17,64.525,58.01,82.2025,72.0425
27/06/17,64.5325,57.7475,82.2925,72.655
28/06/17,64.52,57.4725,82.6675,73.3425
29/06/17,64.85,57.62,84.1425,74.015
30/06/17,64.8175,57.91,84.075,74.0025
03/07/17,65.0925,57.655,84.3375,74.06
04/07/17,64.945,57.415,83.9825,73.745
05/07/17,64.995,57.27,83.96,73.6925
06/07/17,64.9475,57.3625,84.165,73.9175
07/07/17,64.7525,57.035,83.5675,73.96
10/07/17,64.6775,56.68,83.41,73.745
11/07/17,64.7175,56.7025,83.6275,73.8125
12/07/17,64.69,57.0725,83.275,74.18
13/07/17,64.545,57.1575,83.44,73.555
14/07/17,64.5425,57.09,83.8075,73.715
17/07/17,64.4425,57.34,84.2,73.9225
18/07/17,64.415,57.48,83.845,74.4575
19/07/17,64.3725,57.4425,83.88,74.2375
20/07/17,64.475,57.4675,83.4975,74.2125
21/07/17,64.365,57.7075,83.78,74.985
24/07/17,64.3775,58.1,83.9,75.005
25/07/17,64.415,57.7875,83.9375,75.085
26/07/17,64.39,57.63,84.0575,74.955
27/07/17,64.1225,57.7125,84.2575,75.255
28/07/17,64.3975,57.9625,84.32,75.5225
31/07/17,64.4,58.3,84.5975,75.6475
01/08/17,64.2775,58.2775,84.96,76.02
02/08/17,63.84,57.76,84.6425,75.625
03/08/17,63.8725,57.805,84.3025,75.7
04/08/17,63.7725,58.0025,83.905,75.7625
07/08/17,63.9775,57.83,83.6125,75.6075
08/08/17,63.8,57.8675,83.1725,75.4125
09/08/17,63.9925,58.34,83.26,75.1625
10/08/17,64.165,58.515,83.52,75.27
11/08/17,64.26,58.9375,83.425,75.625
14/08/17,64.22,58.59,83.38,75.8175
16/08/17,64.235,58.0075,82.735,75.2075
18/08/17,64.2,58.9275,82.7825,75.475
21/08/17,64.1975,58.9175,82.8,75.48
22/08/17,64.1775,58.74,82.3175,75.46
23/08/17,64.13,58.6425,82.205,75.6325
24/08/17,64.035,58.5525,82.135,75.575
28/08/17,63.905,58.52,82.525,76.225
29/08/17,64.01,58.785,82.85,76.745
30/08/17,64.1725,58.4875,83.005,76.7625
31/08/17,64.075,58.035,82.5375,76.0075
01/09/17,64.1925,58.325,83.0975,76.555
04/09/17,64.215,58.61,83.22,76.515
05/09/17,64.2725,58.8275,83.3425,76.49
06/09/17,64.26,59.06,83.8775,76.6975
07/09/17,64.15,58.935,84.0125,76.8925
08/09/17,63.9375,59.5475,84.38,77.07
11/09/17,64.03,59.03,84.645,76.955
12/09/17,64.145,58.42,85.15,76.6
13/09/17,64.09,58.27,85.0925,76.8375
14/09/17,64.18,58.15,84.8825,76.37
15/09/17,64.1825,57.75,87.1275,76.7125
18/09/17,64.1975,57.7725,86.9425,76.8225
19/09/17,64.3975,57.765,86.9175,77.1575
20/09/17,64.345,57.8375,87.1325,77.215
21/09/17,64.85,57.6725,87.4,77.125
22/09/17,64.84,57.895,87.9675,77.6425
25/09/17,65.1775,58.0875,87.8825,77.3725
26/09/17,65.4325,58.4925,87.835,77.1175
27/09/17,65.7025,58.36,87.9725,77.3
28/09/17,65.745,58.3975,88.285,77.54
29/09/17,65.5375,58.2825,87.8,77.46
03/10/17,65.715,58.175,87.18,77.31
04/10/17,65.195,58.0525,86.6375,76.8225
05/10/17,65.285,58.11,86.1025,76.7575
06/10/17,65.55,58.08,85.7125,76.8075
09/10/17,65.5475,58.175,86.4,77.0325
10/10/17,65.43,58.2125,86.3,77.1325
11/10/17,65.2975,58.1975,86.165,77.2325
12/10/17,65.22,58.1175,85.81,77.4
13/10/17,65.0225,58.02,86.475,76.92
16/10/17,64.815,58.005,86.245,76.5825
17/10/17,65.0325,58,85.855,76.48
18/10/17,65.1025,57.77,85.8525,76.4975
19/10/17,65.08,57.76,85.755,76.5175
23/10/17,65.0475,57.1475,85.7075,76.3875
24/10/17,65.1125,57.295,85.8225,76.625
25/10/17,64.935,56.8775,86.0475,76.4925
26/10/17,64.8325,57.0375,85.1925,76.5225
27/10/17,65.0725,57.01,85.425,75.6775
30/10/17,65.07,57.355,85.7875,75.865
31/10/17,64.9775,57.3675,85.9125,75.71
01/11/17,64.8225,56.8925,86.3,75.5575
02/11/17,64.8125,56.8575,85.725,75.62
03/11/17,64.73,56.7825,84.7225,75.4775
06/11/17,64.85,56.895,85.06,75.2825
07/11/17,65.1975,57.14,85.735,75.445
08/11/17,65.125,57.35,85.5325,75.6
09/11/17,65.0975,57.4525,85.3,75.655
10/11/17,65.305,57.59,85.8775,76.12
13/11/17,65.565,57.8725,85.7725,76.39
14/11/17,65.535,57.6725,85.8025,76.86
15/11/17,65.3425,57.95,86.065,77.3775
16/11/17,65.4,57.825,86.2725,76.9225
17/11/17,65.1,57.865,85.85,76.9
20/11/17,65.1425,58.1125,86.2825,76.7975
21/11/17,64.9575,57.72,85.91,76.1675
22/11/17,64.96,57.9775,85.985,76.3525
23/11/17,64.61,58.105,85.985,76.5475
24/11/17,64.7,58.06,86.17,76.7825
27/11/17,64.5375,57.9825,86.105,77.0175
28/11/17,64.4075,57.915,85.325,76.685
29/11/17,64.5125,57.885,86.52,76.4475
30/11/17,64.6425,57.59,86.925,76.61
04/12/17,64.55,57.1875,87.11,76.58
05/12/17,64.5575,57.455,86.6525,76.71
06/12/17,64.6525,57.6725,86.505,76.5075
07/12/17,64.685,57.45,86.7275,76.3025
08/12/17,64.5675,56.9175,86.995,75.905
11/12/17,64.46,56.885,86.36,76.1125
12/12/17,64.515,56.89,86.135,76.06
13/12/17,64.53,56.965,86.225,75.835
14/12/17,64.415,57.205,86.65,76.245
15/12/17,64.155,57.195,86.09,75.7125
18/12/17,64.2875,57.1025,85.91,75.8575
19/12/17,64.1,56.97,85.715,75.7
20/12/17,64.1425,56.7375,85.94,76.0275
21/12/17,64.065,56.46,85.6975,76.0875
22/12/17,64.0475,56.53,85.7375,75.94
26/12/17,64.085,56.5575,85.6425,76.02
27/12/17,64.1425,56.6575,85.815,76.22
28/12/17,64.2725,56.9375,86.48,76.8525
29/12/17,64.035,57.0575,86.58,76.7825
01/01/18,63.875,56.7525,86.2625,76.8125
02/01/18,63.6375,56.8225,86.365,76.8925
03/01/18,63.7,56.835,86.51,76.6275
04/01/18,63.56,56.5325,86.2,76.7175
05/01/18,63.5125,56.17,86.1,76.655
08/01/18,63.5725,56.2925,86.2,76.395
09/01/18,63.845,56.65,86.415,76.26
10/01/18,63.73,57.205,86.39,76.52
11/01/18,63.7675,57.1675,86.0825,76.3125
12/01/18,63.72,57.425,86.86,77.3775
15/01/18,63.5725,57.525,87.625,77.97
16/01/18,64.14,57.96,88.24,78.36
17/01/18,63.9775,57.81,88.3025,78.1975
18/01/18,63.895,57.4975,88.5275,78.29
19/01/18,63.8925,57.7775,88.82,78.4325
22/01/18,63.91,57.76,88.9225,78.365
23/01/18,63.835,57.8175,89.0475,76.605
24/01/18,63.665,58.2225,89.7375,78.53
25/01/18,63.555,58.2775,90.68,78.94
29/01/18,63.545,58.425,89.82,78.855
30/01/18,63.835,58.87,90.1725,79.455
31/01/18,63.7875,58.68,90.31,79.55
01/02/18,64.0975,58.5975,91.325,79.7625
02/02/18,64.2525,58.535,91.5025,80.4125
05/02/18,64.24,58.5375,90.6375,80.14
06/02/18,64.395,59.16,90,79.9775
07/02/18,64.45,59.1225,89.505,79.6525
08/02/18,64.395,58.7425,89.58,78.9325
09/02/18,64.5225,59.185,89.675,79.1
12/02/18,64.43,59.34,89.37,79.1375
14/02/18,64.1975,59.7925,88.9825,79.305
15/02/18,63.9875,60.0275,89.935,79.88
16/02/18,64.28,60.5925,90.45,80.315
20/02/18,64.8525,60.5375,90.6675,80.06
21/02/18,64.83,60.335,90.28,79.9125
22/02/18,65.0575,60.625,90.3225,79.9375
23/02/18,64.74,60.5775,90.25,79.6025
26/02/18,64.6675,60.7075,90.63,79.68
27/02/18,65.0975,60.955,91.0175,80.37
28/02/18,65.33,61.1275,90.795,80.06
01/03/18,65.38,61.32,89.8975,79.7825
05/03/18,65.305,61.9075,90.0925,80.465
06/03/18,65.165,61.47,90.4375,80.59
07/03/18,65.035,61.6775,90.22,80.91
08/03/18,65.2625,61.52,90.5525,80.85
09/03/18,65.295,61.235,90.2625,80.3525
12/03/18,65.1575,61.195,90.28,80.2675
13/03/18,64.9825,60.6625,90.3175,80.2125
14/03/18,64.945,61.0425,90.71,80.405
15/03/18,64.9975,61.4,90.6175,80.405
16/03/18,65.02,61.53,90.7675,80.185
19/03/18,65.2375,61.4675,91.425,80.12
20/03/18,65.2625,61.28,91.495,80.355
21/03/18,65.2625,61.36,91.7175,80.13
22/03/18,65.1225,61.6825,92.1425,80.24
23/03/18,65.0175,61.9325,91.725,80.2025
26/03/18,64.9075,61.84,91.8525,80.3
27/03/18,65.125,61.7825,91.99,80.91
28/03/18,65.3725,61.81,92.6975,81.0975
03/04/18,65.1825,61.45,91.5325,80.225
04/04/18,65.3175,61.55,91.7975,80.3575
05/04/18,65.0925,60.91,91.61,80.035
06/04/18,65.0875,60.715,91.2625,79.7425
09/04/18,65.1425,60.8675,91.885,80.025
10/04/18,65.0975,60.8625,92.1875,80.3
11/04/18,65.3625,61.195,92.755,80.98
12/04/18,65.37,61.0275,92.82,80.7175
13/04/18,65.2875,60.665,93.115,80.465
16/04/18,65.55,61.1425,93.775,81.0325
17/04/18,65.6925,61.4075,94.23,81.335
18/04/18,65.68,61.29,93.36,81.355
19/04/18,65.8025,61.26,93.61,81.495
20/04/18,66.0775,61.3825,92.9575,81.3225
23/04/18,66.4675,61.4075,92.75,81.315
24/04/18,66.3725,61.02,92.56,81.0925
25/04/18,66.6925,61.1,93.16,81.455
26/04/18,66.9625,61.5075,93.6075,81.7375
27/04/18,66.89,61.295,92.2275,80.9925
02/05/18,66.8625,60.96,91.3275,80.4025
03/05/18,66.825,61.14,90.84,80.14
04/05/18,67.0575,61.625,91.115,80.335
07/05/18,67.305,61.66,91.1825,80.3625
08/05/18,67.2325,61.77,90.8625,79.9825
09/05/18,67.415,61.5425,91.545,80.22
10/05/18,67.4425,61.5725,91.2775,80.2675
11/05/18,67.43,61.765,91.6075,80.6075
14/05/18,67.65,61.7625,92.02,81.1725
15/05/18,68.215,62.1,92.3025,81.2075
16/05/18,67.885,61.6825,91.5225,80.1375
17/05/18,67.77,61.2875,91.465,79.965
18/05/18,68.0825,61.36,91.8575,80.21
21/05/18,68.18,61.2775,91.3875,80.15
22/05/18,68.0825,61.4,91.6525,80.44
23/05/18,68.46,62.4,91.375,80.23
24/05/18,68.355,62.3375,91.64,80.075
25/05/18,67.7625,61.95,90.4725,79.31
28/05/18,67.385,61.6425,89.8,78.5575
29/05/18,67.7925,62.0775,90.145,78.715
30/05/18,67.635,62.2175,90,78.82
31/05/18,67.63,62.1775,90.24,79.17
01/06/18,67.26,61.685,89.71,78.8575
04/06/18,67.29,61.5175,90.1475,79.0175
05/06/18,67.3175,61.395,90.0425,78.7975
06/06/18,67.0725,60.9375,90.08,79.0725
07/06/18,67.2375,61.205,90.51,79.595
08/06/18,67.7,61.9425,90.775,79.5625
11/06/18,67.5575,61.495,90.2975,79.69
12/06/18,67.585,61.3525,90.56,79.47
13/06/18,67.74,61.3425,90.3725,79.7225
14/06/18,67.7375,61.615,91.03,80.13
15/06/18,68.0975,61.6025,90.5025,78.965
18/06/18,68.0575,61.6375,90.2675,79.1825
19/06/18,68.3925,62.225,90.045,79.0875
20/06/18,68.13,61.95,89.7725,78.8325
21/06/18,68.0525,61.58,89.835,78.505
22/06/18,67.835,61.6225,90.135,79.0125
25/06/18,68.1275,62.1725,90.4075,79.53
26/06/18,68.2325,62.265,90.3825,79.69
27/06/18,68.5425,62.26,90.565,79.895
28/06/18,69.015,62.73,90.4525,80.11
29/06/18,68.7175,62.2375,90.4175,80.1875
02/07/18,68.9475,62.37,90.86,80.3925
03/07/18,68.81,62.135,90.82,80.3
04/07/18,68.94,62.46,91.0875,80.3725
05/07/18,69.0975,62.5675,91.625,80.9225
06/07/18,69.0475,62.4975,91.43,81
09/07/18,68.87,62.415,91.915,81.195
10/07/18,68.985,62.0275,91.365,80.785
11/07/18,68.9325,62.01,91.3575,80.84
12/07/18,68.6625,61.055,90.65,80.145
13/07/18,68.585,60.9875,90.1275,79.8725
16/07/18,68.6925,61.1425,91.3025,80.565
17/07/18,68.52,60.97,90.57,80.3325
18/07/18,68.6725,60.8225,89.6025,79.8425
19/07/18,69.0925,61.19,89.7925,80.13
20/07/18,68.9375,61.3375,89.895,80.335
23/07/18,68.8725,62.865,89.49,80.7275
24/07/18,68.93,62.1075,90.57,80.7125
25/07/18,68.8075,61.9375,90.5375,80.4525
26/07/18,68.6775,61.96,90.495,80.46
27/07/18,68.7,61.72,89.955,79.96
30/07/18,68.8775,62.1675,90.5375,80.6225
31/07/18,68.785,61.825,90.6425,80.87
01/08/18,68.6675,61.4925,90.285,80.38
02/08/18,68.885,61.8525,90.2925,80.1675
03/08/18,68.86,61.77,89.8,79.97
06/08/18,69.0425,62.045,89.4,79.825
07/08/18,68.86,62.0325,89.3625,79.965
08/08/18,68.795,62.0175,88.6,79.885
09/08/18,68.8025,62.0225,88.79,79.915
10/08/18,68.99,62.2275,88.14,79.1325
13/08/18,70.015,63.515,89.315,79.7425
14/08/18,70,63.17,89.4525,79.915
16/08/18,70.3325,63.43,89.3475,80.0025
20/08/18,69.8575,63.2275,89.2225,79.84
21/08/18,69.9175,63.42,89.775,80.6125
23/08/18,70.14,63.3625,90.48,81.295
24/08/18,69.95,62.825,89.885,81.035
27/08/18,70.145,63.175,90.11,81.55
28/08/18,70.1325,63.105,90.465,82.0025
29/08/18,70.505,63.3,90.6,82.3025
30/08/18,70.9425,63.66,92.44,83.0625
31/08/18,71.175,64.265,92.605,83.06
03/09/18,71.3475,64.3625,91.9775,82.895
04/09/18,71.7,64.5725,91.95,83.195
